,name,completions,attempts,passing_yards,passing_tds,interceptions,sacks,sack_yards,sack_fumbles,sack_fumbles_lost,passing_air_yards,passing_yards_after_catch,passing_first_downs,passing_epa,passing_2pt_conversions,pacr,dakota,carries,rushing_yards,rushing_tds,rushing_fumbles,rushing_fumbles_lost,rushing_first_downs,rushing_epa,rushing_2pt_conversions,receptions,targets,receiving_yards,receiving_tds,receiving_fumbles,receiving_fumbles_lost,receiving_air_yards,receiving_yards_after_catch,receiving_first_downs,receiving_epa,receiving_2pt_conversions,racr,target_share,air_yards_share,wopr_x,special_teams_tds,fantasy_points,fantasy_points_ppr,games,tgt_sh,ay_sh,yac_sh,wopr_y,ry_sh,rtd_sh,rfd_sh,rtdfd_sh,dom,w8dom,yptmpa,ppr_sh,total_epa,completions per game,attempts per game,passing_yards per game,passing_tds per game,interceptions per game,sacks per game,sack_yards per game,sack_fumbles per game,sack_fumbles_lost per game,passing_air_yards per game,passing_yards_after_catch per game,passing_first_downs per game,passing_epa per game,passing_2pt_conversions per game,pacr per game,dakota per game,carries per game,rushing_yards per game,rushing_tds per game,rushing_fumbles per game,rushing_fumbles_lost per game,rushing_first_downs per game,rushing_epa per game,rushing_2pt_conversions per game,receptions per game,targets per game,receiving_yards per game,receiving_tds per game,receiving_fumbles per game,receiving_fumbles_lost per game,receiving_air_yards per game,receiving_yards_after_catch per game,receiving_first_downs per game,receiving_epa per game,receiving_2pt_conversions per game,racr per game,air_yards_share per game,wopr_x per game,special_teams_tds per game,fantasy_points per game,fantasy_points_ppr per game,tgt_sh per game,wopr_y per game,dom per game,w8dom per game,yptmpa per game,total_epa per game
0,Brandon Bolden,0,0,0.0,0,0.0,0.0,0.0,0,0,0.0,0.0,0.0,0.0,0,0.0,0.0,4,31.0,1,0.0,0.0,2.0,3.679,1,0,0,0.0,0,0.0,0.0,0.0,0.0,0.0,0.0,0,0.0,0.0,0.0,0.0,0.0,11.1,11.1,3,0.0,0.0,0.0,0.0,0.0,0.0,0.0,0.0,0.0,0.0,0.0,0.041,3.679,0.0,0.0,0.0,0.0,0.0,0.0,0.0,0.0,0.0,0.0,0.0,0.0,0.0,0.0,0.0,0.0,1.3333333333333333,10.333333333333334,0.3333333333333333,0.0,0.0,0.6666666666666666,1.2263333333333333,0.3333333333333333,0.0,0.0,0.0,0.0,0.0,0.0,0.0,0.0,0.0,0.0,0.0,0.0,0.0,0.0,0.0,3.6999999999999997,3.6999999999999997,0.0,0.0,0.0,0.0,0.0,1.2263333333333333
1,Kyle Juszczyk,0,0,0.0,0,0.0,0.0,0.0,0,0,0.0,0.0,0.0,0.0,0,0.0,0.0,5,6.0,0,0.0,0.0,2.0,-1.907,0,14,17,119.0,2,0.0,0.0,73.0,58.0,8.0,9.339,0,22.712,0.627,0.348,1.184,0.0,24.5,38.5,10,0.056,0.03,0.046,0.109,0.044,0.1,0.065,0.07,0.072,0.056,0.394,0.039,-1.907,0.0,0.0,0.0,0.0,0.0,0.0,0.0,0.0,0.0,0.0,0.0,0.0,0.0,0.0,0.0,0.0,0.5,0.6,0.0,0.0,0.0,0.2,-0.1907,0.0,1.4,1.7,11.9,0.2,0.0,0.0,7.3,5.8,0.8,0.9339000000000001,0.0,2.2712,0.0348,0.11839999999999999,0.0,2.45,3.85,0.0056,0.0109,0.0072,0.0056,0.039400000000000004,-0.1907
2,Latavius Murray,0,0,0.0,0,0.0,0.0,0.0,0,0,0.0,0.0,0.0,0.0,0,0.0,0.0,79,300.0,4,0.0,0.0,27.0,-2.562,0,17,22,119.0,0,1.0,0.0,34.0,92.0,7.0,6.666,0,34.529,0.64,0.098,1.028,0.0,65.9,82.9,15,0.042,0.008,0.052,0.07,0.032,0.0,0.04,0.035,0.016,0.026,0.229,0.059,-2.562,0.0,0.0,0.0,0.0,0.0,0.0,0.0,0.0,0.0,0.0,0.0,0.0,0.0,0.0,0.0,0.0,5.266666666666667,20.0,0.26666666666666666,0.0,0.0,1.8,-0.17079999999999998,0.0,1.1333333333333333,1.4666666666666666,7.933333333333334,0.0,0.06666666666666667,0.0,2.2666666666666666,6.133333333333334,0.4666666666666667,0.4444,0.0,2.3019333333333334,0.006533333333333334,0.06853333333333333,0.0,4.3933333333333335,5.526666666666667,0.0028,0.004666666666666667,0.0010666666666666667,0.0017333333333333333,0.015266666666666668,-0.17079999999999998
3,Cordarrelle Patterson,0,0,0.0,0,0.0,0.0,0.0,0,0,0.0,0.0,0.0,0.0,0,0.0,0.0,45,161.0,0,1.0,0.0,9.0,-6.149,0,9,12,38.0,1,0.0,0.0,10.0,37.0,2.0,-4.695,0,-0.217,0.484,0.045,0.757,0.0,25.9,34.9,11,0.035,0.003,0.035,0.055,0.015,0.091,0.016,0.021,0.053,0.03,0.11,0.04,-6.149,0.0,0.0,0.0,0.0,0.0,0.0,0.0,0.0,0.0,0.0,0.0,0.0,0.0,0.0,0.0,0.0,4.090909090909091,14.636363636363637,0.0,0.09090909090909091,0.0,0.8181818181818182,-0.559,0.0,0.8181818181818182,1.0909090909090908,3.4545454545454546,0.09090909090909091,0.0,0.0,0.9090909090909091,3.3636363636363638,0.18181818181818182,-0.4268181818181818,0.0,-0.01972727272727273,0.00409090909090909,0.06881818181818182,0.0,2.3545454545454545,3.1727272727272724,0.003181818181818182,0.005,0.004818181818181818,0.002727272727272727,0.01,-0.559
4,Damien Williams,0,0,0.0,0,0.0,0.0,0.0,0,0,0.0,0.0,0.0,0.0,0,0.0,0.0,11,43.0,0,0.0,0.0,1.0,-1.908,0,2,2,12.0,0,0.0,0.0,1.0,11.0,0.0,-0.064,0,8.0,0.054,0.003,0.083,0.0,5.5,7.5,3,0.018,0.001,0.048,0.028,0.02,0.0,0.0,0.0,0.01,0.016,0.107,0.035,-1.908,0.0,0.0,0.0,0.0,0.0,0.0,0.0,0.0,0.0,0.0,0.0,0.0,0.0,0.0,0.0,0.0,3.6666666666666665,14.333333333333334,0.0,0.0,0.0,0.3333333333333333,-0.636,0.0,0.6666666666666666,0.6666666666666666,4.0,0.0,0.0,0.0,0.3333333333333333,3.6666666666666665,0.0,-0.021333333333333333,0.0,2.6666666666666665,0.001,0.02766666666666667,0.0,1.8333333333333333,2.5,0.005999999999999999,0.009333333333333334,0.0033333333333333335,0.005333333333333333,0.035666666666666666,-0.636
5,Keith Smith,0,0,0.0,0,0.0,0.0,0.0,0,0,0.0,0.0,0.0,0.0,0,0.0,0.0,0,0.0,0,0.0,0.0,0.0,0.0,0,3,3,33.0,0,0.0,0.0,18.0,15.0,1.0,0.864,0,3.724,0.12,0.058,0.22,0.0,3.3,6.3,3,0.036,0.026,0.052,0.075,0.043,0.0,0.028,0.026,0.021,0.034,0.393,0.025,0.0,0.0,0.0,0.0,0.0,0.0,0.0,0.0,0.0,0.0,0.0,0.0,0.0,0.0,0.0,0.0,0.0,0.0,0.0,0.0,0.0,0.0,0.0,0.0,0.0,1.0,1.0,11.0,0.0,0.0,0.0,6.0,5.0,0.3333333333333333,0.288,0.0,1.2413333333333334,0.019333333333333334,0.07333333333333333,0.0,1.0999999999999999,2.1,0.011999999999999999,0.024999999999999998,0.007,0.011333333333333334,0.131,0.0
6,Jerick McKinnon,1,1,4.0,1,0.0,0.0,0.0,0,0,-3.0,7.0,1.0,1.105,0,0.0,0.0,21,60.0,1,0.0,0.0,7.0,-0.018,0,25,32,192.0,4,0.0,0.0,8.0,219.0,10.0,7.183,0,15.2,0.865,0.063,1.341,0.0,59.36,84.36,12,0.069,0.003,0.117,0.105,0.059,0.174,0.063,0.077,0.117,0.082,0.414,0.077,1.087,0.08333333333333333,0.08333333333333333,0.3333333333333333,0.08333333333333333,0.0,0.0,0.0,0.0,0.0,-0.25,0.5833333333333334,0.08333333333333333,0.09208333333333334,0.0,0.0,0.0,1.75,5.0,0.08333333333333333,0.0,0.0,0.5833333333333334,-0.0014999999999999998,0.0,2.0833333333333335,2.6666666666666665,16.0,0.3333333333333333,0.0,0.0,0.6666666666666666,18.25,0.8333333333333334,0.5985833333333334,0.0,1.2666666666666666,0.00525,0.11175,0.0,4.946666666666666,7.03,0.005750000000000001,0.008749999999999999,0.00975,0.006833333333333334,0.034499999999999996,0.09058333333333334
7,Michael Burton,0,0,0.0,0,0.0,0.0,0.0,0,0,0.0,0.0,0.0,0.0,0,0.0,0.0,7,9.0,0,0.0,0.0,4.0,-4.633,1,3,3,8.0,0,0.0,0.0,2.0,6.0,2.0,0.517,0,2.667,0.093,0.011,0.148,0.0,3.7,6.7,8,0.012,0.001,0.007,0.019,0.005,0.0,0.03,0.025,0.002,0.004,0.033,0.011,-4.633,0.0,0.0,0.0,0.0,0.0,0.0,0.0,0.0,0.0,0.0,0.0,0.0,0.0,0.0,0.0,0.0,0.875,1.125,0.0,0.0,0.0,0.5,-0.579125,0.125,0.375,0.375,1.0,0.0,0.0,0.0,0.25,0.75,0.25,0.064625,0.0,0.333375,0.001375,0.0185,0.0,0.4625,0.8375,0.0015,0.002375,0.00025,0.0005,0.004125,-0.579125
8,Raheem Mostert,0,0,0.0,0,0.0,0.0,0.0,0,0,0.0,0.0,0.0,0.0,0,0.0,0.0,209,1012.0,18,2.0,1.0,59.0,17.18,0,25,32,175.0,3,2.0,0.0,-20.0,213.0,6.0,-1.23,0,4.095,1.039,-0.155,1.449,0.0,242.7,267.7,15,0.064,-0.005,0.103,0.092,0.041,0.111,0.03,0.039,0.076,0.055,0.349,0.173,17.18,0.0,0.0,0.0,0.0,0.0,0.0,0.0,0.0,0.0,0.0,0.0,0.0,0.0,0.0,0.0,0.0,13.933333333333334,67.46666666666667,1.2,0.13333333333333333,0.06666666666666667,3.933333333333333,1.1453333333333333,0.0,1.6666666666666667,2.1333333333333333,11.666666666666666,0.2,0.13333333333333333,0.0,-1.3333333333333333,14.2,0.4,-0.082,0.0,0.27299999999999996,-0.010333333333333333,0.0966,0.0,16.18,17.846666666666668,0.004266666666666667,0.0061333333333333335,0.005066666666666666,0.0036666666666666666,0.023266666666666665,1.1453333333333333
9,Ameer Abdullah,0,0,0.0,0,0.0,0.0,0.0,0,0,0.0,0.0,0.0,0.0,0,0.0,0.0,15,89.0,0,0.0,0.0,6.0,2.603,0,18,23,124.0,0,0.0,0.0,44.0,83.0,4.0,-14.635,0,14.751,0.787,0.126,1.269,0.0,21.3,39.3,15,0.048,0.012,0.058,0.081,0.039,0.0,0.026,0.023,0.019,0.031,0.258,0.036,2.603,0.0,0.0,0.0,0.0,0.0,0.0,0.0,0.0,0.0,0.0,0.0,0.0,0.0,0.0,0.0,0.0,1.0,5.933333333333334,0.0,0.0,0.0,0.4,0.17353333333333334,0.0,1.2,1.5333333333333334,8.266666666666667,0.0,0.0,0.0,2.933333333333333,5.533333333333333,0.26666666666666666,-0.9756666666666667,0.0,0.9833999999999999,0.0084,0.0846,0.0,1.4200000000000002,2.6199999999999997,0.0032,0.0054,0.0012666666666666666,0.0020666666666666667,0.0172,0.17353333333333334
10,Melvin Gordon,0,0,0.0,0,0.0,0.0,0.0,0,0,0.0,0.0,0.0,0.0,0,0.0,0.0,19,63.0,1,0.0,0.0,3.0,-1.0,0,3,3,46.0,0,0.0,0.0,18.0,28.0,3.0,3.147,0,6.369,0.122,0.138,0.28,0.0,16.9,19.9,3,0.042,0.032,0.084,0.088,0.063,0.0,0.1,0.079,0.032,0.051,0.639,0.063,-1.0,0.0,0.0,0.0,0.0,0.0,0.0,0.0,0.0,0.0,0.0,0.0,0.0,0.0,0.0,0.0,0.0,6.333333333333333,21.0,0.3333333333333333,0.0,0.0,1.0,-0.3333333333333333,0.0,1.0,1.0,15.333333333333334,0.0,0.0,0.0,6.0,9.333333333333334,1.0,1.049,0.0,2.1229999999999998,0.046000000000000006,0.09333333333333334,0.0,5.633333333333333,6.633333333333333,0.014,0.029333333333333333,0.010666666666666666,0.016999999999999998,0.213,-0.3333333333333333
11,Derrick Henry,2,3,14.0,2,0.0,0.0,0.0,0,0,27.0,0.0,2.0,4.522,0,2.0,0.0,261,1014.0,11,0.0,0.0,57.0,-7.597,0,28,36,214.0,0,0.0,0.0,-100.0,275.0,7.0,3.174,0,-7.294,1.314,-0.453,1.653,0.0,197.36,225.36,16,0.077,-0.023,0.187,0.098,0.064,0.0,0.047,0.044,0.032,0.051,0.458,0.205,-3.075,0.125,0.1875,0.875,0.125,0.0,0.0,0.0,0.0,0.0,1.6875,0.0,0.125,0.282625,0.0,0.125,0.0,16.3125,63.375,0.6875,0.0,0.0,3.5625,-0.4748125,0.0,1.75,2.25,13.375,0.0,0.0,0.0,-6.25,17.1875,0.4375,0.198375,0.0,-0.455875,-0.0283125,0.1033125,0.0,12.335,14.085,0.0048125,0.006125,0.002,0.0031875,0.028625,-0.1921875
12,C.J. Ham,0,0,0.0,0,0.0,0.0,0.0,0,0,0.0,0.0,0.0,0.0,0,0.0,0.0,1,7.0,0,0.0,0.0,0.0,0.349,0,7,9,25.0,0,0.0,0.0,10.0,20.0,1.0,-5.415,0,14.833,0.247,0.029,0.391,0.0,3.2,10.2,6,0.039,0.005,0.032,0.062,0.014,0.0,0.013,0.012,0.007,0.011,0.107,0.019,0.349,0.0,0.0,0.0,0.0,0.0,0.0,0.0,0.0,0.0,0.0,0.0,0.0,0.0,0.0,0.0,0.0,0.16666666666666666,1.1666666666666667,0.0,0.0,0.0,0.0,0.058166666666666665,0.0,1.1666666666666667,1.5,4.166666666666667,0.0,0.0,0.0,1.6666666666666667,3.3333333333333335,0.16666666666666666,-0.9025,0.0,2.472166666666667,0.004833333333333334,0.06516666666666666,0.0,0.5333333333333333,1.7,0.0065,0.010333333333333333,0.0011666666666666668,0.0018333333333333333,0.017833333333333333,0.058166666666666665
13,Ezekiel Elliott,0,0,0.0,0,0.0,0.0,0.0,0,0,0.0,0.0,0.0,0.0,0,0.0,0.0,171,588.0,3,1.0,0.0,31.0,-25.945,0,46,58,286.0,2,1.0,1.0,-47.0,343.0,11.0,-7.313,0,-16.196,1.863,-0.234,2.63,0.0,115.4,161.4,16,0.11,-0.012,0.191,0.155,0.087,0.125,0.073,0.078,0.106,0.094,0.543,0.143,-25.945,0.0,0.0,0.0,0.0,0.0,0.0,0.0,0.0,0.0,0.0,0.0,0.0,0.0,0.0,0.0,0.0,10.6875,36.75,0.1875,0.0625,0.0,1.9375,-1.6215625,0.0,2.875,3.625,17.875,0.125,0.0625,0.0625,-2.9375,21.4375,0.6875,-0.4570625,0.0,-1.01225,-0.014625,0.164375,0.0,7.2125,10.0875,0.006875,0.0096875,0.006625,0.005875,0.0339375,-1.6215625
14,Kenyan Drake,0,0,0.0,0,0.0,0.0,0.0,0,0,0.0,0.0,0.0,0.0,0,0.0,0.0,2,0.0,0,0.0,0.0,0.0,-0.903,0,2,3,31.0,0,1.0,1.0,-4.0,36.0,0.0,-3.834,0,-7.75,0.1,-0.021,0.135,0.0,1.1,3.1,2,0.043,-0.009,0.16,0.057,0.064,0.0,0.0,0.0,0.032,0.051,0.443,0.018,-0.903,0.0,0.0,0.0,0.0,0.0,0.0,0.0,0.0,0.0,0.0,0.0,0.0,0.0,0.0,0.0,0.0,1.0,0.0,0.0,0.0,0.0,0.0,-0.4515,0.0,1.0,1.5,15.5,0.0,0.5,0.5,-2.0,18.0,0.0,-1.917,0.0,-3.875,-0.0105,0.0675,0.0,0.55,1.55,0.0215,0.0285,0.016,0.0255,0.2215,-0.4515
15,Christian McCaffrey,0,0,0.0,0,0.0,0.0,0.0,0,0,0.0,0.0,0.0,0.0,0,0.0,0.0,272,1459.0,14,2.0,2.0,83.0,14.388,0,67,83,564.0,7,1.0,0.0,153.0,461.0,31.0,6.455,0,-17.937,2.986,0.697,4.967,0.0,324.3,391.3,16,0.178,0.041,0.219,0.3,0.129,0.219,0.157,0.166,0.174,0.147,1.213,0.245,14.388,0.0,0.0,0.0,0.0,0.0,0.0,0.0,0.0,0.0,0.0,0.0,0.0,0.0,0.0,0.0,0.0,17.0,91.1875,0.875,0.125,0.125,5.1875,0.89925,0.0,4.1875,5.1875,35.25,0.4375,0.0625,0.0,9.5625,28.8125,1.9375,0.4034375,0.0,-1.1210625,0.0435625,0.3104375,0.0,20.26875,24.45625,0.011125,0.01875,0.010875,0.0091875,0.0758125,0.89925
16,Aaron Jones,0,0,0.0,0,0.0,0.0,0.0,0,0,0.0,0.0,0.0,0.0,0,0.0,0.0,120,545.0,2,1.0,1.0,26.0,0.563,0,25,38,203.0,1,1.0,0.0,-50.0,243.0,11.0,7.999,0,-29.891,1.199,-0.214,1.649,0.0,90.8,115.8,10,0.111,-0.017,0.207,0.153,0.08,0.053,0.087,0.082,0.066,0.074,0.592,0.127,0.563,0.0,0.0,0.0,0.0,0.0,0.0,0.0,0.0,0.0,0.0,0.0,0.0,0.0,0.0,0.0,0.0,12.0,54.5,0.2,0.1,0.1,2.6,0.056299999999999996,0.0,2.5,3.8,20.3,0.1,0.1,0.0,-5.0,24.3,1.1,0.7998999999999999,0.0,-2.9890999999999996,-0.0214,0.1649,0.0,9.08,11.58,0.0111,0.0153,0.0066,0.0073999999999999995,0.059199999999999996,0.056299999999999996
17,Alex Armah,0,0,0.0,0,0.0,0.0,0.0,0,0,0.0,0.0,0.0,0.0,0,0.0,0.0,0,0.0,0,0.0,0.0,0.0,0.0,0,2,2,3.0,0,0.0,0.0,-9.0,12.0,0.0,-0.605,0,-1.0,0.043,-0.03,0.044,0.0,0.3,2.3,2,0.021,-0.015,0.03,0.019,0.004,0.0,0.0,0.0,0.002,0.003,0.031,0.009,0.0,0.0,0.0,0.0,0.0,0.0,0.0,0.0,0.0,0.0,0.0,0.0,0.0,0.0,0.0,0.0,0.0,0.0,0.0,0.0,0.0,0.0,0.0,0.0,0.0,1.0,1.0,1.5,0.0,0.0,0.0,-4.5,6.0,0.0,-0.3025,0.0,-0.5,-0.015,0.022,0.0,0.15,1.15,0.0105,0.0095,0.001,0.0015,0.0155,0.0
18,Matt Breida,0,0,0.0,0,0.0,0.0,0.0,0,0,0.0,0.0,0.0,0.0,0,0.0,0.0,55,151.0,1,0.0,0.0,7.0,-13.72,0,17,21,88.0,0,1.0,0.0,1.0,89.0,2.0,-9.727,0,17.933,0.745,0.05,1.152,0.0,29.9,46.9,15,0.047,0.0,0.068,0.071,0.032,0.0,0.017,0.015,0.016,0.026,0.199,0.048,-13.72,0.0,0.0,0.0,0.0,0.0,0.0,0.0,0.0,0.0,0.0,0.0,0.0,0.0,0.0,0.0,0.0,3.6666666666666665,10.066666666666666,0.06666666666666667,0.0,0.0,0.4666666666666667,-0.9146666666666667,0.0,1.1333333333333333,1.4,5.866666666666666,0.0,0.06666666666666667,0.0,0.06666666666666667,5.933333333333334,0.13333333333333333,-0.6484666666666666,0.0,1.1955333333333333,0.0033333333333333335,0.0768,0.0,1.9933333333333332,3.1266666666666665,0.0031333333333333335,0.004733333333333333,0.0010666666666666667,0.0017333333333333333,0.013266666666666668,-0.9146666666666667
19,Patrick Ricard,0,0,0.0,0,0.0,0.0,0.0,0,0,0.0,0.0,0.0,0.0,0,0.0,0.0,0,0.0,0,0.0,0.0,0.0,0.0,0,5,7,52.0,1,0.0,0.0,19.0,35.0,3.0,-2.306,0,12.944,0.28,0.081,0.476,0.0,11.2,16.2,6,0.045,0.015,0.042,0.079,0.033,0.067,0.043,0.047,0.05,0.04,0.331,0.027,0.0,0.0,0.0,0.0,0.0,0.0,0.0,0.0,0.0,0.0,0.0,0.0,0.0,0.0,0.0,0.0,0.0,0.0,0.0,0.0,0.0,0.0,0.0,0.0,0.0,0.8333333333333334,1.1666666666666667,8.666666666666666,0.16666666666666666,0.0,0.0,3.1666666666666665,5.833333333333333,0.5,-0.38433333333333336,0.0,2.1573333333333333,0.0135,0.07933333333333333,0.0,1.8666666666666665,2.6999999999999997,0.0075,0.013166666666666667,0.008333333333333333,0.006666666666666667,0.05516666666666667,0.0
20,Samaje Perine,0,0,0.0,0,0.0,0.0,0.0,0,0,0.0,0.0,0.0,0.0,0,0.0,0.0,50,231.0,1,1.0,1.0,13.0,-9.622,0,47,52,432.0,0,2.0,1.0,-4.0,430.0,22.0,12.687,0,50.1,1.862,0.013,2.802,0.0,68.3,115.3,16,0.109,-0.001,0.225,0.162,0.131,0.0,0.155,0.13,0.066,0.105,0.902,0.093,-9.622,0.0,0.0,0.0,0.0,0.0,0.0,0.0,0.0,0.0,0.0,0.0,0.0,0.0,0.0,0.0,0.0,3.125,14.4375,0.0625,0.0625,0.0625,0.8125,-0.601375,0.0,2.9375,3.25,27.0,0.0,0.125,0.0625,-0.25,26.875,1.375,0.7929375,0.0,3.13125,0.0008125,0.175125,0.0,4.26875,7.20625,0.0068125,0.010125,0.004125,0.0065625,0.056375,-0.601375
21,James Conner,0,0,0.0,0,0.0,0.0,0.0,0,0,0.0,0.0,0.0,0.0,0,0.0,0.0,181,890.0,6,0.0,0.0,48.0,11.853,0,23,29,111.0,2,0.0,0.0,-11.0,155.0,9.0,0.312,0,-20.387,0.896,-0.06,1.301,0.0,148.1,171.1,12,0.074,-0.004,0.127,0.108,0.044,0.133,0.07,0.077,0.089,0.062,0.282,0.17,11.853,0.0,0.0,0.0,0.0,0.0,0.0,0.0,0.0,0.0,0.0,0.0,0.0,0.0,0.0,0.0,0.0,15.083333333333334,74.16666666666667,0.5,0.0,0.0,4.0,0.98775,0.0,1.9166666666666667,2.4166666666666665,9.25,0.16666666666666666,0.0,0.0,-0.9166666666666666,12.916666666666666,0.75,0.026,0.0,-1.6989166666666666,-0.005,0.10841666666666666,0.0,12.341666666666667,14.258333333333333,0.006166666666666667,0.009,0.007416666666666666,0.005166666666666667,0.023499999999999997,0.98775
22,Austin Ekeler,0,0,0.0,0,0.0,0.0,0.0,0,0,0.0,0.0,0.0,0.0,0,0.0,0.0,169,617.0,5,2.0,2.0,33.0,-32.841,0,44,66,398.0,1,2.0,2.0,-61.0,473.0,20.0,-12.921,0,-21.106,1.882,-0.377,2.559,0.0,129.5,173.5,13,0.14,-0.018,0.301,0.195,0.127,0.059,0.133,0.126,0.093,0.114,0.843,0.163,-32.841,0.0,0.0,0.0,0.0,0.0,0.0,0.0,0.0,0.0,0.0,0.0,0.0,0.0,0.0,0.0,0.0,13.0,47.46153846153846,0.38461538461538464,0.15384615384615385,0.15384615384615385,2.5384615384615383,-2.5262307692307693,0.0,3.3846153846153846,5.076923076923077,30.615384615384617,0.07692307692307693,0.15384615384615385,0.15384615384615385,-4.6923076923076925,36.38461538461539,1.5384615384615385,-0.9939230769230769,0.0,-1.6235384615384616,-0.029,0.19684615384615387,0.0,9.961538461538462,13.346153846153847,0.01076923076923077,0.015000000000000001,0.007153846153846154,0.008769230769230769,0.06484615384615385,-2.5262307692307693
23,Dare Ogunbowale,0,0,0.0,0,0.0,0.0,0.0,0,0,0.0,0.0,0.0,0.0,0,0.0,0.0,8,35.0,0,0.0,0.0,2.0,-2.005,0,2,7,18.0,0,0.0,0.0,31.0,5.0,0.0,-10.044,0,2.2,0.203,0.102,0.376,0.0,5.3,7.3,6,0.032,0.017,0.008,0.062,0.013,0.0,0.0,0.0,0.006,0.01,0.082,0.016,-2.005,0.0,0.0,0.0,0.0,0.0,0.0,0.0,0.0,0.0,0.0,0.0,0.0,0.0,0.0,0.0,0.0,1.3333333333333333,5.833333333333333,0.0,0.0,0.0,0.3333333333333333,-0.33416666666666667,0.0,0.3333333333333333,1.1666666666666667,3.0,0.0,0.0,0.0,5.166666666666667,0.8333333333333334,0.0,-1.6740000000000002,0.0,0.3666666666666667,0.016999999999999998,0.06266666666666666,0.0,0.8833333333333333,1.2166666666666666,0.005333333333333333,0.010333333333333333,0.001,0.0016666666666666668,0.013666666666666667,-0.33416666666666667
24,Dalvin Cook,0,0,0.0,0,0.0,0.0,0.0,0,0,0.0,0.0,0.0,0.0,0,0.0,0.0,67,214.0,0,2.0,2.0,10.0,-24.863,0,15,20,78.0,0,0.0,0.0,-23.0,106.0,3.0,-2.274,0,-27.517,0.672,-0.158,0.898,0.0,25.2,40.2,14,0.041,-0.006,0.077,0.056,0.028,0.0,0.023,0.021,0.014,0.022,0.16,0.046,-24.863,0.0,0.0,0.0,0.0,0.0,0.0,0.0,0.0,0.0,0.0,0.0,0.0,0.0,0.0,0.0,0.0,4.785714285714286,15.285714285714286,0.0,0.14285714285714285,0.14285714285714285,0.7142857142857143,-1.7759285714285713,0.0,1.0714285714285714,1.4285714285714286,5.571428571428571,0.0,0.0,0.0,-1.6428571428571428,7.571428571428571,0.21428571428571427,-0.16242857142857142,0.0,-1.9655,-0.011285714285714286,0.06414285714285714,0.0,1.8,2.8714285714285714,0.002928571428571429,0.004,0.001,0.0015714285714285713,0.011428571428571429,-1.7759285714285713
25,Joe Mixon,0,0,0.0,0,0.0,0.0,0.0,0,0,0.0,0.0,0.0,0.0,0,0.0,0.0,243,923.0,8,0.0,0.0,53.0,-21.353,0,51,62,370.0,2,0.0,0.0,-114.0,457.0,13.0,1.85,1,-48.386,1.783,-0.567,2.278,0.0,191.3,242.3,16,0.106,-0.03,0.201,0.134,0.091,0.083,0.066,0.068,0.087,0.089,0.63,0.174,-21.353,0.0,0.0,0.0,0.0,0.0,0.0,0.0,0.0,0.0,0.0,0.0,0.0,0.0,0.0,0.0,0.0,15.1875,57.6875,0.5,0.0,0.0,3.3125,-1.3345625,0.0,3.1875,3.875,23.125,0.125,0.0,0.0,-7.125,28.5625,0.8125,0.115625,0.0625,-3.024125,-0.0354375,0.142375,0.0,11.95625,15.14375,0.006625,0.008375,0.0054375,0.0055625,0.039375,-1.3345625
26,Alvin Kamara,0,0,0.0,0,0.0,0.0,0.0,0,0,0.0,0.0,0.0,0.0,0,0.0,0.0,180,694.0,5,0.0,0.0,42.0,-3.145,2,75,86,466.0,1,0.0,0.0,5.0,501.0,23.0,2.298,1,64.669,2.41,0.026,3.634,0.0,158.0,233.0,13,0.181,0.001,0.341,0.273,0.145,0.045,0.149,0.136,0.095,0.125,0.983,0.202,-3.145,0.0,0.0,0.0,0.0,0.0,0.0,0.0,0.0,0.0,0.0,0.0,0.0,0.0,0.0,0.0,0.0,13.846153846153847,53.38461538461539,0.38461538461538464,0.0,0.0,3.230769230769231,-0.24192307692307694,0.15384615384615385,5.769230769230769,6.615384615384615,35.84615384615385,0.07692307692307693,0.0,0.0,0.38461538461538464,38.53846153846154,1.7692307692307692,0.17676923076923076,0.07692307692307693,4.974538461538462,0.002,0.2795384615384615,0.0,12.153846153846153,17.923076923076923,0.013923076923076923,0.021,0.007307692307692308,0.009615384615384616,0.07561538461538461,-0.24192307692307694
27,Kareem Hunt,0,0,0.0,0,0.0,0.0,0.0,0,0,0.0,0.0,0.0,0.0,0,0.0,0.0,135,411.0,9,0.0,0.0,38.0,-4.944,0,14,20,79.0,0,0.0,0.0,-5.0,92.0,5.0,-1.632,0,10.0,0.556,-0.006,0.83,0.0,103.0,117.0,14,0.038,-0.001,0.057,0.056,0.023,0.0,0.035,0.03,0.011,0.018,0.149,0.1,-4.944,0.0,0.0,0.0,0.0,0.0,0.0,0.0,0.0,0.0,0.0,0.0,0.0,0.0,0.0,0.0,0.0,9.642857142857142,29.357142857142858,0.6428571428571429,0.0,0.0,2.7142857142857144,-0.35314285714285715,0.0,1.0,1.4285714285714286,5.642857142857143,0.0,0.0,0.0,-0.35714285714285715,6.571428571428571,0.35714285714285715,-0.11657142857142856,0.0,0.7142857142857143,-0.0004285714285714286,0.05928571428571428,0.0,7.357142857142857,8.357142857142858,0.0027142857142857142,0.004,0.0007857142857142856,0.0012857142857142856,0.010642857142857143,-0.35314285714285715
28,D'Onta Foreman,0,0,0.0,0,0.0,0.0,0.0,0,0,0.0,0.0,0.0,0.0,0,0.0,0.0,109,425.0,4,1.0,0.0,24.0,-4.143,0,11,16,77.0,1,0.0,0.0,21.0,65.0,6.0,1.204,0,10.451,0.514,-0.003,0.769,0.0,80.2,91.2,9,0.056,0.011,0.072,0.093,0.046,0.143,0.067,0.073,0.094,0.065,0.269,0.143,-4.143,0.0,0.0,0.0,0.0,0.0,0.0,0.0,0.0,0.0,0.0,0.0,0.0,0.0,0.0,0.0,0.0,12.11111111111111,47.22222222222222,0.4444444444444444,0.1111111111111111,0.0,2.6666666666666665,-0.4603333333333333,0.0,1.2222222222222223,1.7777777777777777,8.555555555555555,0.1111111111111111,0.0,0.0,2.3333333333333335,7.222222222222222,0.6666666666666666,0.13377777777777777,0.0,1.1612222222222224,-0.0003333333333333333,0.08544444444444445,0.0,8.911111111111111,10.133333333333333,0.006222222222222223,0.010333333333333333,0.010444444444444444,0.007222222222222223,0.029888888888888892,-0.4603333333333333
29,Jamaal Williams,0,0,0.0,0,0.0,0.0,0.0,0,0,0.0,0.0,0.0,0.0,0,0.0,0.0,92,280.0,0,1.0,0.0,15.0,-23.229,0,15,17,54.0,0,0.0,0.0,-27.0,79.0,1.0,-6.195,0,7.628,0.526,-0.125,0.702,0.0,33.4,48.4,12,0.04,-0.008,0.061,0.053,0.018,0.0,0.007,0.006,0.009,0.014,0.126,0.045,-23.229,0.0,0.0,0.0,0.0,0.0,0.0,0.0,0.0,0.0,0.0,0.0,0.0,0.0,0.0,0.0,0.0,7.666666666666667,23.333333333333332,0.0,0.08333333333333333,0.0,1.25,-1.9357499999999999,0.0,1.25,1.4166666666666667,4.5,0.0,0.0,0.0,-2.25,6.583333333333333,0.08333333333333333,-0.51625,0.0,0.6356666666666667,-0.010416666666666666,0.058499999999999996,0.0,2.783333333333333,4.033333333333333,0.0033333333333333335,0.004416666666666667,0.0007499999999999999,0.0011666666666666668,0.0105,-1.9357499999999999
30,Jeffery Wilson,0,0,0.0,0,0.0,0.0,0.0,0,0,0.0,0.0,0.0,0.0,0,0.0,0.0,32,143.0,0,0.0,0.0,7.0,-0.41,0,14,17,85.0,0,0.0,0.0,46.0,69.0,3.0,2.649,0,1.201,0.521,0.207,0.926,0.0,22.8,36.8,8,0.064,0.024,0.073,0.115,0.042,0.0,0.03,0.027,0.021,0.034,0.318,0.052,-0.41,0.0,0.0,0.0,0.0,0.0,0.0,0.0,0.0,0.0,0.0,0.0,0.0,0.0,0.0,0.0,0.0,4.0,17.875,0.0,0.0,0.0,0.875,-0.05125,0.0,1.75,2.125,10.625,0.0,0.0,0.0,5.75,8.625,0.375,0.331125,0.0,0.150125,0.025875,0.11575,0.0,2.85,4.6,0.008,0.014375,0.002625,0.00425,0.03975,-0.05125
31,Gus Edwards,0,0,0.0,0,0.0,0.0,0.0,0,0,0.0,0.0,0.0,0.0,0,0.0,0.0,188,762.0,13,1.0,1.0,48.0,-6.212,1,12,13,180.0,0,1.0,0.0,32.0,145.0,5.0,9.552,0,41.175,0.55,0.139,0.923,0.0,172.2,184.2,16,0.028,0.008,0.082,0.048,0.048,0.0,0.029,0.025,0.024,0.039,0.386,0.124,-6.212,0.0,0.0,0.0,0.0,0.0,0.0,0.0,0.0,0.0,0.0,0.0,0.0,0.0,0.0,0.0,0.0,11.75,47.625,0.8125,0.0625,0.0625,3.0,-0.38825,0.0625,0.75,0.8125,11.25,0.0,0.0625,0.0,2.0,9.0625,0.3125,0.597,0.0,2.5734375,0.0086875,0.0576875,0.0,10.7625,11.5125,0.00175,0.003,0.0015,0.0024375,0.024125,-0.38825
32,Mike Boone,0,0,0.0,0,0.0,0.0,0.0,0,0,0.0,0.0,0.0,0.0,0,0.0,0.0,5,23.0,0,1.0,0.0,2.0,-1.998,0,7,9,40.0,0,0.0,0.0,9.0,33.0,2.0,0.046,0,4.779,0.238,0.017,0.368,0.0,6.3,13.3,7,0.037,0.004,0.039,0.058,0.019,0.0,0.02,0.017,0.01,0.016,0.163,0.02,-1.998,0.0,0.0,0.0,0.0,0.0,0.0,0.0,0.0,0.0,0.0,0.0,0.0,0.0,0.0,0.0,0.0,0.7142857142857143,3.2857142857142856,0.0,0.14285714285714285,0.0,0.2857142857142857,-0.2854285714285714,0.0,1.0,1.2857142857142858,5.714285714285714,0.0,0.0,0.0,1.2857142857142858,4.714285714285714,0.2857142857142857,0.006571428571428571,0.0,0.6827142857142857,0.002428571428571429,0.05257142857142857,0.0,0.9,1.9000000000000001,0.005285714285714285,0.008285714285714287,0.0014285714285714286,0.002285714285714286,0.023285714285714288,-0.2854285714285714
33,Boston Scott,0,0,0.0,0,0.0,0.0,0.0,0,0,0.0,0.0,0.0,0.0,0,0.0,0.0,17,81.0,0,0.0,0.0,5.0,-1.573,0,4,5,52.0,0,0.0,0.0,5.0,43.0,2.0,3.81,0,4.033,0.145,0.009,0.223,0.0,13.3,17.3,9,0.016,0.002,0.044,0.026,0.024,0.0,0.019,0.017,0.012,0.019,0.17,0.022,-1.573,0.0,0.0,0.0,0.0,0.0,0.0,0.0,0.0,0.0,0.0,0.0,0.0,0.0,0.0,0.0,0.0,1.8888888888888888,9.0,0.0,0.0,0.0,0.5555555555555556,-0.17477777777777778,0.0,0.4444444444444444,0.5555555555555556,5.777777777777778,0.0,0.0,0.0,0.5555555555555556,4.777777777777778,0.2222222222222222,0.42333333333333334,0.0,0.4481111111111111,0.001,0.024777777777777777,0.0,1.4777777777777779,1.9222222222222223,0.0017777777777777779,0.0028888888888888888,0.0013333333333333333,0.002111111111111111,0.01888888888888889,-0.17477777777777778
34,Nick Bawden,0,0,0.0,0,0.0,0.0,0.0,0,0,0.0,0.0,0.0,0.0,0,0.0,0.0,2,4.0,1,0.0,0.0,1.0,0.374,0,3,3,21.0,0,0.0,0.0,-1.0,22.0,1.0,0.452,0,11.667,0.071,0.006,0.111,0.0,8.5,11.5,5,0.015,-0.001,0.037,0.021,0.018,0.0,0.019,0.018,0.009,0.014,0.103,0.031,0.374,0.0,0.0,0.0,0.0,0.0,0.0,0.0,0.0,0.0,0.0,0.0,0.0,0.0,0.0,0.0,0.0,0.4,0.8,0.2,0.0,0.0,0.2,0.0748,0.0,0.6,0.6,4.2,0.0,0.0,0.0,-0.2,4.4,0.2,0.09040000000000001,0.0,2.3334,0.0012000000000000001,0.0222,0.0,1.7,2.3,0.003,0.004200000000000001,0.0018,0.0028,0.0206,0.0748
35,Chase Edmonds,0,0,0.0,0,0.0,0.0,0.0,0,0,0.0,0.0,0.0,0.0,0,0.0,0.0,45,149.0,0,0.0,0.0,7.0,-7.869,0,13,16,84.0,0,0.0,0.0,-22.0,111.0,5.0,1.97,0,-7.952,0.489,-0.068,0.686,0.0,23.3,36.3,12,0.04,-0.006,0.077,0.055,0.028,0.0,0.037,0.032,0.014,0.022,0.211,0.034,-7.869,0.0,0.0,0.0,0.0,0.0,0.0,0.0,0.0,0.0,0.0,0.0,0.0,0.0,0.0,0.0,0.0,3.75,12.416666666666666,0.0,0.0,0.0,0.5833333333333334,-0.6557499999999999,0.0,1.0833333333333333,1.3333333333333333,7.0,0.0,0.0,0.0,-1.8333333333333333,9.25,0.4166666666666667,0.16416666666666666,0.0,-0.6626666666666666,-0.005666666666666667,0.05716666666666667,0.0,1.9416666666666667,3.025,0.0033333333333333335,0.004583333333333333,0.0011666666666666668,0.0018333333333333333,0.017583333333333333,-0.6557499999999999
36,Rashaad Penny,0,0,0.0,0,0.0,0.0,0.0,0,0,0.0,0.0,0.0,0.0,0,0.0,0.0,5,17.0,0,0.0,0.0,1.0,-1.26,0,1,1,5.0,0,0.0,0.0,-1.0,6.0,0.0,-0.102,0,-5.0,0.045,-0.005,0.065,0.0,2.2,3.2,2,0.022,-0.002,0.038,0.031,0.012,0.0,0.0,0.0,0.006,0.01,0.109,0.017,-1.26,0.0,0.0,0.0,0.0,0.0,0.0,0.0,0.0,0.0,0.0,0.0,0.0,0.0,0.0,0.0,0.0,2.5,8.5,0.0,0.0,0.0,0.5,-0.63,0.0,0.5,0.5,2.5,0.0,0.0,0.0,-0.5,3.0,0.0,-0.051,0.0,-2.5,-0.0025,0.0325,0.0,1.1,1.6,0.011,0.0155,0.003,0.005,0.0545,-0.63
37,Nick Chubb,0,0,0.0,0,0.0,0.0,0.0,0,0,0.0,0.0,0.0,0.0,0,0.0,0.0,28,170.0,0,0.0,0.0,8.0,4.114,0,4,4,21.0,0,0.0,0.0,1.0,20.0,1.0,0.75,0,21.0,0.138,0.003,0.209,0.0,19.1,23.1,2,0.058,0.001,0.124,0.088,0.054,0.0,0.048,0.043,0.027,0.043,0.304,0.144,4.114,0.0,0.0,0.0,0.0,0.0,0.0,0.0,0.0,0.0,0.0,0.0,0.0,0.0,0.0,0.0,0.0,14.0,85.0,0.0,0.0,0.0,4.0,2.057,0.0,2.0,2.0,10.5,0.0,0.0,0.0,0.5,10.0,0.5,0.375,0.0,10.5,0.0015,0.1045,0.0,9.55,11.55,0.029,0.044,0.0135,0.0215,0.152,2.057
38,Royce Freeman,0,0,0.0,0,0.0,0.0,0.0,0,0,0.0,0.0,0.0,0.0,0,0.0,0.0,73,317.0,2,0.0,0.0,16.0,-4.366,0,0,1,0.0,0,0.0,0.0,1.0,0.0,0.0,-1.23,0,0.0,0.037,0.004,0.058,0.0,43.7,43.7,8,0.004,0.001,0.0,0.006,0.0,0.0,0.0,0.0,0.0,0.0,0.0,0.063,-4.366,0.0,0.0,0.0,0.0,0.0,0.0,0.0,0.0,0.0,0.0,0.0,0.0,0.0,0.0,0.0,0.0,9.125,39.625,0.25,0.0,0.0,2.0,-0.54575,0.0,0.0,0.125,0.0,0.0,0.0,0.0,0.125,0.0,0.0,-0.15375,0.0,0.0,0.0005,0.00725,0.0,5.4625,5.4625,0.0005,0.00075,0.0,0.0,0.0,-0.54575
39,Saquon Barkley,0,0,0.0,0,0.0,0.0,0.0,0,0,0.0,0.0,0.0,0.0,0,0.0,0.0,229,916.0,4,2.0,2.0,45.0,-48.384,1,39,58,229.0,4,0.0,0.0,108.0,201.0,15.0,-9.967,0,31.645,2.27,-1.314,2.485,0.0,160.5,199.5,13,0.151,0.037,0.173,0.255,0.092,0.286,0.146,0.162,0.189,0.131,0.595,0.219,-48.384,0.0,0.0,0.0,0.0,0.0,0.0,0.0,0.0,0.0,0.0,0.0,0.0,0.0,0.0,0.0,0.0,17.615384615384617,70.46153846153847,0.3076923076923077,0.15384615384615385,0.15384615384615385,3.4615384615384617,-3.721846153846154,0.07692307692307693,3.0,4.461538461538462,17.615384615384617,0.3076923076923077,0.0,0.0,8.307692307692308,15.461538461538462,1.1538461538461537,-0.7666923076923078,0.0,2.434230769230769,-0.10107692307692308,0.19115384615384615,0.0,12.346153846153847,15.346153846153847,0.011615384615384614,0.019615384615384614,0.014538461538461538,0.010076923076923077,0.04576923076923077,-3.721846153846154
40,Andrew Beck,0,0,0.0,0,0.0,0.0,0.0,0,0,0.0,0.0,0.0,0.0,0,0.0,0.0,5,3.0,1,0.0,0.0,2.0,-1.463,0,9,11,46.0,1,1.0,1.0,16.0,34.0,3.0,-10.768,0,5.458,0.341,0.07,0.561,1.0,20.9,29.9,11,0.028,0.005,0.025,0.046,0.015,0.05,0.021,0.025,0.033,0.022,0.118,0.029,-1.463,0.0,0.0,0.0,0.0,0.0,0.0,0.0,0.0,0.0,0.0,0.0,0.0,0.0,0.0,0.0,0.0,0.45454545454545453,0.2727272727272727,0.09090909090909091,0.0,0.0,0.18181818181818182,-0.133,0.0,0.8181818181818182,1.0,4.181818181818182,0.09090909090909091,0.09090909090909091,0.09090909090909091,1.4545454545454546,3.090909090909091,0.2727272727272727,-0.978909090909091,0.0,0.4961818181818182,0.006363636363636364,0.051000000000000004,0.09090909090909091,1.9,2.7181818181818183,0.0025454545454545456,0.0041818181818181815,0.003,0.002,0.010727272727272726,-0.133
41,Alexander Mattison,0,0,0.0,0,0.0,0.0,0.0,0,0,0.0,0.0,0.0,0.0,0,0.0,0.0,173,676.0,0,2.0,2.0,27.0,-30.082,0,29,43,187.0,3,0.0,0.0,26.0,174.0,5.0,-4.235,0,2.973,1.18,0.128,1.859,0.0,100.3,129.3,15,0.078,0.006,0.106,0.121,0.047,0.115,0.026,0.037,0.081,0.06,0.338,0.099,-30.082,0.0,0.0,0.0,0.0,0.0,0.0,0.0,0.0,0.0,0.0,0.0,0.0,0.0,0.0,0.0,0.0,11.533333333333333,45.06666666666667,0.0,0.13333333333333333,0.13333333333333333,1.8,-2.0054666666666665,0.0,1.9333333333333333,2.8666666666666667,12.466666666666667,0.2,0.0,0.0,1.7333333333333334,11.6,0.3333333333333333,-0.2823333333333334,0.0,0.1982,0.008533333333333334,0.12393333333333333,0.0,6.6866666666666665,8.620000000000001,0.0052,0.008066666666666666,0.0054,0.004,0.022533333333333336,-2.0054666666666665
42,Justice Hill,0,0,0.0,0,0.0,0.0,0.0,0,0,0.0,0.0,0.0,0.0,0,0.0,0.0,84,387.0,3,0.0,0.0,18.0,0.81,0,25,29,180.0,1,1.0,1.0,4.0,208.0,7.0,2.575,0,12.25,1.006,0.008,1.515,0.0,78.7,103.7,15,0.067,0.001,0.124,0.101,0.051,0.038,0.043,0.042,0.045,0.048,0.414,0.074,0.81,0.0,0.0,0.0,0.0,0.0,0.0,0.0,0.0,0.0,0.0,0.0,0.0,0.0,0.0,0.0,0.0,5.6,25.8,0.2,0.0,0.0,1.2,0.054000000000000006,0.0,1.6666666666666667,1.9333333333333333,12.0,0.06666666666666667,0.06666666666666667,0.06666666666666667,0.26666666666666666,13.866666666666667,0.4666666666666667,0.1716666666666667,0.0,0.8166666666666667,0.0005333333333333334,0.10099999999999999,0.0,5.246666666666667,6.913333333333333,0.0044666666666666665,0.006733333333333333,0.003,0.0032,0.0276,0.054000000000000006
43,Khari Blasingame,0,0,0.0,0,0.0,0.0,0.0,0,0,0.0,0.0,0.0,0.0,0,0.0,0.0,8,26.0,0,0.0,0.0,0.0,-1.658,0,3,6,2.0,0,0.0,0.0,11.0,5.0,0.0,-3.474,0,-2.0,0.198,0.045,0.328,0.0,2.8,5.8,7,0.027,0.008,0.006,0.047,0.001,0.0,0.0,0.0,0.001,0.001,0.009,0.01,-1.658,0.0,0.0,0.0,0.0,0.0,0.0,0.0,0.0,0.0,0.0,0.0,0.0,0.0,0.0,0.0,0.0,1.1428571428571428,3.7142857142857144,0.0,0.0,0.0,0.0,-0.23685714285714285,0.0,0.42857142857142855,0.8571428571428571,0.2857142857142857,0.0,0.0,0.0,1.5714285714285714,0.7142857142857143,0.0,-0.49628571428571433,0.0,-0.2857142857142857,0.0064285714285714285,0.04685714285714286,0.0,0.39999999999999997,0.8285714285714285,0.003857142857142857,0.006714285714285714,0.00014285714285714287,0.00014285714285714287,0.0012857142857142856,-0.23685714285714285
44,Alec Ingold,0,0,0.0,0,0.0,0.0,0.0,0,0,0.0,0.0,0.0,0.0,0,0.0,0.0,2,0.0,0,0.0,0.0,0.0,-4.765,0,13,16,119.0,0,0.0,0.0,30.0,91.0,5.0,1.772,0,18.611,0.443,0.116,0.746,0.0,11.9,24.9,10,0.045,0.011,0.067,0.075,0.039,0.0,0.036,0.031,0.02,0.032,0.331,0.023,-4.765,0.0,0.0,0.0,0.0,0.0,0.0,0.0,0.0,0.0,0.0,0.0,0.0,0.0,0.0,0.0,0.0,0.2,0.0,0.0,0.0,0.0,0.0,-0.4765,0.0,1.3,1.6,11.9,0.0,0.0,0.0,3.0,9.1,0.5,0.1772,0.0,1.8611,0.011600000000000001,0.0746,0.0,1.19,2.4899999999999998,0.0045,0.0075,0.002,0.0032,0.033100000000000004,-0.4765
45,Miles Sanders,0,0,0.0,0,0.0,0.0,0.0,0,0,0.0,0.0,0.0,0.0,0,0.0,0.0,126,414.0,1,2.0,2.0,23.0,-30.578,0,27,41,154.0,0,0.0,0.0,23.0,158.0,8.0,-9.622,0,-23.073,1.203,-0.02,1.791,0.0,58.8,85.8,15,0.078,0.006,0.123,0.121,0.053,0.0,0.059,0.054,0.026,0.042,0.291,0.085,-30.578,0.0,0.0,0.0,0.0,0.0,0.0,0.0,0.0,0.0,0.0,0.0,0.0,0.0,0.0,0.0,0.0,8.4,27.6,0.06666666666666667,0.13333333333333333,0.13333333333333333,1.5333333333333334,-2.038533333333333,0.0,1.8,2.7333333333333334,10.266666666666667,0.0,0.0,0.0,1.5333333333333334,10.533333333333333,0.5333333333333333,-0.6414666666666666,0.0,-1.5382,-0.0013333333333333333,0.11939999999999999,0.0,3.92,5.72,0.0052,0.008066666666666666,0.0017333333333333333,0.0028,0.019399999999999997,-2.038533333333333
46,Devin Singletary,1,1,6.0,1,0.0,0.0,0.0,0,0,6.0,0.0,1.0,1.842,0,1.0,0.0,192,835.0,3,1.0,0.0,37.0,-11.059,0,29,37,191.0,0,0.0,0.0,8.0,218.0,7.0,-4.83,0,-105.483,1.133,0.008,1.705,0.0,124.84,153.84,16,0.065,0.002,0.117,0.099,0.044,0.0,0.034,0.03,0.022,0.035,0.337,0.109,-9.216999999999999,0.0625,0.0625,0.375,0.0625,0.0,0.0,0.0,0.0,0.0,0.375,0.0,0.0625,0.115125,0.0,0.0625,0.0,12.0,52.1875,0.1875,0.0625,0.0,2.3125,-0.6911875,0.0,1.8125,2.3125,11.9375,0.0,0.0,0.0,0.5,13.625,0.4375,-0.301875,0.0,-6.5926875,0.0005,0.1065625,0.0,7.8025,9.615,0.0040625,0.0061875,0.001375,0.0021875,0.0210625,-0.5760624999999999
47,Tony Pollard,0,0,0.0,0,0.0,0.0,0.0,0,0,0.0,0.0,0.0,0.0,0,0.0,0.0,235,935.0,5,1.0,1.0,52.0,-19.255,1,53,65,295.0,0,2.0,0.0,13.0,319.0,11.0,-5.92,0,29.154,1.893,0.044,2.871,0.0,153.0,206.0,16,0.113,0.003,0.171,0.172,0.068,0.0,0.053,0.046,0.034,0.054,0.514,0.131,-19.255,0.0,0.0,0.0,0.0,0.0,0.0,0.0,0.0,0.0,0.0,0.0,0.0,0.0,0.0,0.0,0.0,14.6875,58.4375,0.3125,0.0625,0.0625,3.25,-1.2034375,0.0625,3.3125,4.0625,18.4375,0.0,0.125,0.0,0.8125,19.9375,0.6875,-0.37,0.0,1.822125,0.00275,0.1794375,0.0,9.5625,12.875,0.0070625,0.01075,0.002125,0.003375,0.032125,-1.2034375
48,Trayveon Williams,0,0,0.0,0,0.0,0.0,0.0,0,0,0.0,0.0,0.0,0.0,0,0.0,0.0,14,71.0,0,0.0,0.0,2.0,-1.124,0,7,9,10.0,0,0.0,0.0,-28.0,35.0,0.0,-7.627,0,-1.03,0.243,-0.119,0.28,0.0,8.1,15.1,13,0.019,-0.009,0.02,0.021,0.003,0.0,0.0,0.0,0.002,0.003,0.021,0.014,-1.124,0.0,0.0,0.0,0.0,0.0,0.0,0.0,0.0,0.0,0.0,0.0,0.0,0.0,0.0,0.0,0.0,1.0769230769230769,5.461538461538462,0.0,0.0,0.0,0.15384615384615385,-0.08646153846153846,0.0,0.5384615384615384,0.6923076923076923,0.7692307692307693,0.0,0.0,0.0,-2.1538461538461537,2.6923076923076925,0.0,-0.5866923076923076,0.0,-0.07923076923076923,-0.009153846153846153,0.02153846153846154,0.0,0.6230769230769231,1.1615384615384614,0.0014615384615384616,0.0016153846153846155,0.00015384615384615385,0.00023076923076923076,0.0016153846153846155,-0.08646153846153846
49,Ty Johnson,0,0,0.0,0,0.0,0.0,0.0,0,0,0.0,0.0,0.0,0.0,0,0.0,0.0,29,127.0,0,1.0,0.0,8.0,-0.883,0,6,6,53.0,1,0.0,0.0,-7.0,60.0,2.0,4.239,0,7.55,0.236,-0.024,0.337,0.0,24.0,30.0,6,0.031,-0.004,0.089,0.043,0.041,0.125,0.036,0.047,0.083,0.058,0.27,0.058,-0.883,0.0,0.0,0.0,0.0,0.0,0.0,0.0,0.0,0.0,0.0,0.0,0.0,0.0,0.0,0.0,0.0,4.833333333333333,21.166666666666668,0.0,0.16666666666666666,0.0,1.3333333333333333,-0.14716666666666667,0.0,1.0,1.0,8.833333333333334,0.16666666666666666,0.0,0.0,-1.1666666666666667,10.0,0.3333333333333333,0.7065,0.0,1.2583333333333333,-0.004,0.05616666666666667,0.0,4.0,5.0,0.005166666666666667,0.007166666666666666,0.013833333333333335,0.009666666666666667,0.045000000000000005,-0.14716666666666667
50,Craig Reynolds,0,0,0.0,0,0.0,0.0,0.0,0,0,0.0,0.0,0.0,0.0,0,0.0,0.0,41,179.0,1,1.0,1.0,11.0,-4.48,0,5,5,47.0,0,0.0,0.0,-12.0,59.0,2.0,2.837,0,-18.667,0.128,-0.043,0.162,0.0,26.6,31.6,6,0.022,-0.008,0.075,0.026,0.027,0.0,0.024,0.021,0.014,0.022,0.204,0.053,-4.48,0.0,0.0,0.0,0.0,0.0,0.0,0.0,0.0,0.0,0.0,0.0,0.0,0.0,0.0,0.0,0.0,6.833333333333333,29.833333333333332,0.16666666666666666,0.16666666666666666,0.16666666666666666,1.8333333333333333,-0.7466666666666667,0.0,0.8333333333333334,0.8333333333333334,7.833333333333333,0.0,0.0,0.0,-2.0,9.833333333333334,0.3333333333333333,0.4728333333333334,0.0,-3.111166666666667,-0.007166666666666666,0.027,0.0,4.433333333333334,5.266666666666667,0.0036666666666666666,0.004333333333333333,0.0023333333333333335,0.0036666666666666666,0.033999999999999996,-0.7466666666666667
51,D'Ernest Johnson,0,0,0.0,0,0.0,0.0,0.0,0,0,0.0,0.0,0.0,0.0,0,0.0,0.0,40,109.0,0,0.0,0.0,5.0,-12.011,0,10,12,140.0,0,0.0,0.0,10.0,136.0,6.0,9.815,0,3.7,0.312,0.029,0.488,0.0,24.9,34.9,14,0.024,0.002,0.087,0.037,0.039,0.0,0.037,0.033,0.02,0.031,0.275,0.03,-12.011,0.0,0.0,0.0,0.0,0.0,0.0,0.0,0.0,0.0,0.0,0.0,0.0,0.0,0.0,0.0,0.0,2.857142857142857,7.785714285714286,0.0,0.0,0.0,0.35714285714285715,-0.8579285714285714,0.0,0.7142857142857143,0.8571428571428571,10.0,0.0,0.0,0.0,0.7142857142857143,9.714285714285714,0.42857142857142855,0.7010714285714286,0.0,0.2642857142857143,0.0020714285714285717,0.03485714285714286,0.0,1.7785714285714285,2.492857142857143,0.0017142857142857144,0.0026428571428571425,0.0014285714285714286,0.002214285714285714,0.019642857142857146,-0.8579285714285714
52,Damien Harris,0,0,0.0,0,0.0,0.0,0.0,0,0,0.0,0.0,0.0,0.0,0,0.0,0.0,23,94.0,1,0.0,0.0,9.0,2.174,0,2,2,16.0,0,0.0,0.0,0.0,16.0,0.0,0.535,0,0.0,0.051,0.0,0.077,0.0,17.0,19.0,6,0.01,0.0,0.024,0.015,0.01,0.0,0.0,0.0,0.005,0.008,0.078,0.032,2.174,0.0,0.0,0.0,0.0,0.0,0.0,0.0,0.0,0.0,0.0,0.0,0.0,0.0,0.0,0.0,0.0,3.8333333333333335,15.666666666666666,0.16666666666666666,0.0,0.0,1.5,0.36233333333333334,0.0,0.3333333333333333,0.3333333333333333,2.6666666666666665,0.0,0.0,0.0,0.0,2.6666666666666665,0.0,0.08916666666666667,0.0,0.0,0.0,0.012833333333333334,0.0,2.8333333333333335,3.1666666666666665,0.0016666666666666668,0.0025,0.0008333333333333334,0.0013333333333333333,0.013,0.36233333333333334
53,Darrell Henderson,0,0,0.0,0,0.0,0.0,0.0,0,0,0.0,0.0,0.0,0.0,0,0.0,0.0,46,112.0,2,0.0,0.0,5.0,-11.786,0,10,14,103.0,0,0.0,0.0,-9.0,134.0,3.0,-0.922,0,4.383,0.483,-0.025,0.707,0.0,33.5,43.5,4,0.117,-0.01,0.324,0.167,0.136,0.0,0.097,0.088,0.068,0.109,0.858,0.172,-11.786,0.0,0.0,0.0,0.0,0.0,0.0,0.0,0.0,0.0,0.0,0.0,0.0,0.0,0.0,0.0,0.0,11.5,28.0,0.5,0.0,0.0,1.25,-2.9465,0.0,2.5,3.5,25.75,0.0,0.0,0.0,-2.25,33.5,0.75,-0.2305,0.0,1.09575,-0.00625,0.17675,0.0,8.375,10.875,0.02925,0.04175,0.017,0.02725,0.2145,-2.9465
54,David Montgomery,0,0,0.0,0,0.0,0.0,0.0,0,0,0.0,0.0,0.0,0.0,0,0.0,0.0,209,975.0,12,2.0,1.0,56.0,11.294,1,16,24,117.0,0,0.0,0.0,-19.0,149.0,7.0,-8.18,0,-2.21,0.781,-0.089,1.109,0.0,181.2,197.2,13,0.053,-0.006,0.093,0.075,0.034,0.0,0.04,0.035,0.017,0.027,0.259,0.147,11.294,0.0,0.0,0.0,0.0,0.0,0.0,0.0,0.0,0.0,0.0,0.0,0.0,0.0,0.0,0.0,0.0,16.076923076923077,75.0,0.9230769230769231,0.15384615384615385,0.07692307692307693,4.3076923076923075,0.8687692307692308,0.07692307692307693,1.2307692307692308,1.8461538461538463,9.0,0.0,0.0,0.0,-1.4615384615384615,11.461538461538462,0.5384615384615384,-0.6292307692307693,0.0,-0.16999999999999998,-0.0068461538461538456,0.0853076923076923,0.0,13.938461538461537,15.169230769230769,0.004076923076923077,0.005769230769230769,0.0013076923076923079,0.002076923076923077,0.019923076923076925,0.8687692307692308
55,Josh Jacobs,0,0,0.0,0,0.0,1.0,4.0,0,0,0.0,0.0,0.0,-1.076,0,0.0,0.0,233,805.0,6,2.0,1.0,34.0,-44.319,0,37,54,296.0,0,1.0,0.0,38.0,293.0,15.0,-0.397,0,-15.429,1.755,0.074,2.685,0.0,144.1,181.1,13,0.128,0.012,0.228,0.202,0.106,0.0,0.111,0.103,0.053,0.085,0.703,0.206,-45.395,0.0,0.0,0.0,0.0,0.0,0.07692307692307693,0.3076923076923077,0.0,0.0,0.0,0.0,0.0,-0.08276923076923078,0.0,0.0,0.0,17.923076923076923,61.92307692307692,0.46153846153846156,0.15384615384615385,0.07692307692307693,2.6153846153846154,-3.4091538461538464,0.0,2.8461538461538463,4.153846153846154,22.76923076923077,0.0,0.07692307692307693,0.0,2.923076923076923,22.53846153846154,1.1538461538461537,-0.03053846153846154,0.0,-1.1868461538461539,0.005692307692307692,0.20653846153846153,0.0,11.084615384615384,13.930769230769231,0.009846153846153846,0.01553846153846154,0.004076923076923077,0.006538461538461539,0.05407692307692307,-3.491923076923077
56,Tony Jones,0,0,0.0,0,0.0,0.0,0.0,0,0,0.0,0.0,0.0,0.0,0,0.0,0.0,26,95.0,2,0.0,0.0,7.0,1.688,0,7,10,37.0,0,0.0,0.0,-18.0,44.0,1.0,-4.624,0,-21.385,0.361,-0.284,0.343,0.0,25.2,32.2,6,0.054,-0.011,0.086,0.072,0.029,0.0,0.018,0.017,0.015,0.023,0.199,0.08,1.688,0.0,0.0,0.0,0.0,0.0,0.0,0.0,0.0,0.0,0.0,0.0,0.0,0.0,0.0,0.0,0.0,4.333333333333333,15.833333333333334,0.3333333333333333,0.0,0.0,1.1666666666666667,0.2813333333333333,0.0,1.1666666666666667,1.6666666666666667,6.166666666666667,0.0,0.0,0.0,-3.0,7.333333333333333,0.16666666666666666,-0.7706666666666666,0.0,-3.564166666666667,-0.04733333333333333,0.05716666666666667,0.0,4.2,5.366666666666667,0.009,0.011999999999999999,0.0025,0.003833333333333333,0.03316666666666667,0.2813333333333333
57,Patrick Taylor,0,0,0.0,0,0.0,0.0,0.0,0,0,0.0,0.0,0.0,0.0,0,0.0,0.0,32,141.0,0,0.0,0.0,7.0,-3.305,0,11,17,49.0,0,0.0,0.0,-8.0,59.0,4.0,-5.777,0,26.667,0.514,-0.059,0.73,0.0,19.0,30.0,10,0.051,-0.003,0.054,0.074,0.021,0.0,0.033,0.028,0.01,0.016,0.147,0.033,-3.305,0.0,0.0,0.0,0.0,0.0,0.0,0.0,0.0,0.0,0.0,0.0,0.0,0.0,0.0,0.0,0.0,3.2,14.1,0.0,0.0,0.0,0.7,-0.3305,0.0,1.1,1.7,4.9,0.0,0.0,0.0,-0.8,5.9,0.4,-0.5777,0.0,2.6667,-0.0059,0.073,0.0,1.9,3.0,0.0050999999999999995,0.0073999999999999995,0.001,0.0016,0.0147,-0.3305
58,Salvon Ahmed,0,0,0.0,0,0.0,0.0,0.0,0,0,0.0,0.0,0.0,0.0,0,0.0,0.0,22,61.0,1,0.0,0.0,3.0,-0.233,0,16,23,88.0,1,0.0,0.0,14.0,109.0,4.0,-10.489,0,22.774,0.666,0.061,1.042,0.0,26.9,42.9,7,0.089,0.006,0.131,0.139,0.043,0.071,0.04,0.043,0.057,0.049,0.342,0.062,-0.233,0.0,0.0,0.0,0.0,0.0,0.0,0.0,0.0,0.0,0.0,0.0,0.0,0.0,0.0,0.0,0.0,3.142857142857143,8.714285714285714,0.14285714285714285,0.0,0.0,0.42857142857142855,-0.03328571428571429,0.0,2.2857142857142856,3.2857142857142856,12.571428571428571,0.14285714285714285,0.0,0.0,2.0,15.571428571428571,0.5714285714285714,-1.4984285714285714,0.0,3.2534285714285716,0.008714285714285714,0.14885714285714285,0.0,3.8428571428571425,6.128571428571428,0.012714285714285714,0.019857142857142858,0.008142857142857143,0.007,0.04885714285714286,-0.03328571428571429
59,Rico Dowdle,0,0,0.0,0,0.0,0.0,0.0,0,0,0.0,0.0,0.0,0.0,0,0.0,0.0,80,315.0,2,0.0,0.0,15.0,-5.576,0,14,18,90.0,2,0.0,0.0,-5.0,109.0,4.0,2.189,0,-3.244,0.521,-0.005,0.778,0.0,64.5,78.5,15,0.034,-0.001,0.064,0.049,0.022,0.067,0.021,0.027,0.045,0.031,0.168,0.053,-5.576,0.0,0.0,0.0,0.0,0.0,0.0,0.0,0.0,0.0,0.0,0.0,0.0,0.0,0.0,0.0,0.0,5.333333333333333,21.0,0.13333333333333333,0.0,0.0,1.0,-0.3717333333333333,0.0,0.9333333333333333,1.2,6.0,0.13333333333333333,0.0,0.0,-0.3333333333333333,7.266666666666667,0.26666666666666666,0.14593333333333333,0.0,-0.2162666666666667,-0.0003333333333333333,0.051866666666666665,0.0,4.3,5.233333333333333,0.002266666666666667,0.003266666666666667,0.003,0.0020666666666666667,0.0112,-0.3717333333333333
60,Jonathan Taylor,0,0,0.0,0,0.0,0.0,0.0,0,0,0.0,0.0,0.0,0.0,0,0.0,0.0,139,553.0,6,1.0,0.0,33.0,-11.739,0,17,21,145.0,1,0.0,0.0,-14.0,159.0,5.0,4.076,0,6.073,0.717,-0.174,0.954,0.0,111.8,128.8,9,0.07,-0.006,0.155,0.1,0.069,0.143,0.052,0.058,0.106,0.084,0.483,0.181,-11.739,0.0,0.0,0.0,0.0,0.0,0.0,0.0,0.0,0.0,0.0,0.0,0.0,0.0,0.0,0.0,0.0,15.444444444444445,61.44444444444444,0.6666666666666666,0.1111111111111111,0.0,3.6666666666666665,-1.3043333333333333,0.0,1.8888888888888888,2.3333333333333335,16.11111111111111,0.1111111111111111,0.0,0.0,-1.5555555555555556,17.666666666666668,0.5555555555555556,0.45288888888888884,0.0,0.6747777777777778,-0.01933333333333333,0.106,0.0,12.422222222222222,14.311111111111112,0.007777777777777778,0.011111111111111112,0.011777777777777778,0.009333333333333334,0.05366666666666667,-1.3043333333333333
61,Zack Moss,0,0,0.0,0,0.0,0.0,0.0,0,0,0.0,0.0,0.0,0.0,0,0.0,0.0,177,764.0,5,0.0,0.0,41.0,-14.542,0,27,37,192.0,2,0.0,0.0,-14.0,189.0,10.0,0.857,1,8.458,1.047,-0.082,1.513,0.0,139.6,166.6,13,0.082,-0.004,0.129,0.12,0.062,0.125,0.072,0.077,0.094,0.075,0.426,0.15,-14.542,0.0,0.0,0.0,0.0,0.0,0.0,0.0,0.0,0.0,0.0,0.0,0.0,0.0,0.0,0.0,0.0,13.615384615384615,58.76923076923077,0.38461538461538464,0.0,0.0,3.1538461538461537,-1.1186153846153846,0.0,2.076923076923077,2.8461538461538463,14.76923076923077,0.15384615384615385,0.0,0.0,-1.0769230769230769,14.538461538461538,0.7692307692307693,0.06592307692307692,0.07692307692307693,0.6506153846153846,-0.0063076923076923076,0.11638461538461538,0.0,10.738461538461538,12.815384615384614,0.0063076923076923076,0.00923076923076923,0.007230769230769231,0.005769230769230769,0.032769230769230766,-1.1186153846153846
62,A.J. Dillon,0,0,0.0,0,0.0,0.0,0.0,0,0,0.0,0.0,0.0,0.0,0,0.0,0.0,178,613.0,2,0.0,0.0,32.0,-23.496,0,22,28,223.0,0,0.0,0.0,1.0,231.0,10.0,5.78,0,-40.313,0.836,-0.024,1.238,0.0,95.6,117.6,15,0.055,0.0,0.141,0.083,0.062,0.0,0.054,0.047,0.031,0.049,0.437,0.089,-23.496,0.0,0.0,0.0,0.0,0.0,0.0,0.0,0.0,0.0,0.0,0.0,0.0,0.0,0.0,0.0,0.0,11.866666666666667,40.86666666666667,0.13333333333333333,0.0,0.0,2.1333333333333333,-1.5664,0.0,1.4666666666666666,1.8666666666666667,14.866666666666667,0.0,0.0,0.0,0.06666666666666667,15.4,0.6666666666666666,0.38533333333333336,0.0,-2.6875333333333336,-0.0016,0.08253333333333333,0.0,6.373333333333333,7.84,0.0036666666666666666,0.005533333333333334,0.0020666666666666667,0.003266666666666667,0.029133333333333334,-1.5664
63,D'Andre Swift,0,0,0.0,0,0.0,0.0,0.0,0,0,0.0,0.0,0.0,0.0,0,0.0,0.0,229,1049.0,5,2.0,0.0,50.0,1.914,0,39,49,214.0,1,1.0,1.0,27.0,267.0,8.0,-8.934,0,15.94,1.533,0.063,2.344,0.0,160.3,199.3,16,0.093,0.006,0.156,0.144,0.055,0.043,0.043,0.043,0.049,0.053,0.406,0.141,1.914,0.0,0.0,0.0,0.0,0.0,0.0,0.0,0.0,0.0,0.0,0.0,0.0,0.0,0.0,0.0,0.0,14.3125,65.5625,0.3125,0.125,0.0,3.125,0.119625,0.0,2.4375,3.0625,13.375,0.0625,0.0625,0.0625,1.6875,16.6875,0.5,-0.558375,0.0,0.99625,0.0039375,0.1465,0.0,10.01875,12.45625,0.0058125,0.009,0.0030625,0.0033125,0.025375,0.119625
64,Darrynton Evans,0,0,0.0,0,0.0,0.0,0.0,0,0,0.0,0.0,0.0,0.0,0,0.0,0.0,32,121.0,1,0.0,0.0,10.0,0.604,0,7,12,49.0,0,0.0,0.0,-14.0,69.0,2.0,-5.229,0,-23.05,0.393,-0.351,0.343,0.0,23.0,30.0,6,0.066,-0.014,0.105,0.087,0.042,0.0,0.031,0.029,0.021,0.034,0.268,0.069,0.604,0.0,0.0,0.0,0.0,0.0,0.0,0.0,0.0,0.0,0.0,0.0,0.0,0.0,0.0,0.0,0.0,5.333333333333333,20.166666666666668,0.16666666666666666,0.0,0.0,1.6666666666666667,0.10066666666666667,0.0,1.1666666666666667,2.0,8.166666666666666,0.0,0.0,0.0,-2.3333333333333335,11.5,0.3333333333333333,-0.8715,0.0,-3.841666666666667,-0.058499999999999996,0.05716666666666667,0.0,3.8333333333333335,5.0,0.011000000000000001,0.014499999999999999,0.0035,0.005666666666666667,0.04466666666666667,0.10066666666666667
65,Antonio Gibson,0,0,0.0,0,0.0,0.0,0.0,0,0,0.0,0.0,0.0,0.0,0,0.0,0.0,63,257.0,1,1.0,1.0,12.0,-7.238,0,45,55,361.0,2,2.0,1.0,-11.0,358.0,17.0,-0.91,0,32.244,1.585,-0.113,2.298,0.0,75.8,120.8,15,0.098,-0.003,0.202,0.144,0.096,0.091,0.101,0.099,0.093,0.095,0.641,0.094,-7.238,0.0,0.0,0.0,0.0,0.0,0.0,0.0,0.0,0.0,0.0,0.0,0.0,0.0,0.0,0.0,0.0,4.2,17.133333333333333,0.06666666666666667,0.06666666666666667,0.06666666666666667,0.8,-0.48253333333333337,0.0,3.0,3.6666666666666665,24.066666666666666,0.13333333333333333,0.13333333333333333,0.06666666666666667,-0.7333333333333333,23.866666666666667,1.1333333333333333,-0.06066666666666667,0.0,2.1496,-0.007533333333333334,0.1532,0.0,5.053333333333333,8.053333333333333,0.006533333333333334,0.0096,0.0062,0.006333333333333333,0.04273333333333333,-0.48253333333333337
66,Clyde Edwards-Helaire,0,0,0.0,0,0.0,0.0,0.0,0,0,0.0,0.0,0.0,0.0,0,0.0,0.0,68,222.0,1,0.0,0.0,11.0,-13.911,0,16,20,179.0,1,0.0,0.0,-43.0,215.0,7.0,5.84,0,-32.467,0.546,-0.207,0.674,0.0,52.1,68.1,14,0.037,-0.012,0.094,0.045,0.047,0.04,0.037,0.037,0.044,0.046,0.328,0.052,-13.911,0.0,0.0,0.0,0.0,0.0,0.0,0.0,0.0,0.0,0.0,0.0,0.0,0.0,0.0,0.0,0.0,4.857142857142857,15.857142857142858,0.07142857142857142,0.0,0.0,0.7857142857142857,-0.9936428571428572,0.0,1.1428571428571428,1.4285714285714286,12.785714285714286,0.07142857142857142,0.0,0.0,-3.0714285714285716,15.357142857142858,0.5,0.41714285714285715,0.0,-2.3190714285714287,-0.014785714285714286,0.04814285714285715,0.0,3.7214285714285715,4.864285714285714,0.0026428571428571425,0.0032142857142857142,0.0031428571428571426,0.0032857142857142855,0.02342857142857143,-0.9936428571428572
67,Joshua Kelley,0,0,0.0,0,0.0,0.0,0.0,0,0,0.0,0.0,0.0,0.0,0,0.0,0.0,105,404.0,2,1.0,1.0,21.0,-24.682,0,8,12,32.0,0,0.0,0.0,15.0,39.0,0.0,-5.665,0,0.06,0.333,0.072,0.55,0.0,53.6,61.6,16,0.021,0.003,0.02,0.033,0.008,0.0,0.0,0.0,0.004,0.006,0.055,0.045,-24.682,0.0,0.0,0.0,0.0,0.0,0.0,0.0,0.0,0.0,0.0,0.0,0.0,0.0,0.0,0.0,0.0,6.5625,25.25,0.125,0.0625,0.0625,1.3125,-1.542625,0.0,0.5,0.75,2.0,0.0,0.0,0.0,0.9375,2.4375,0.0,-0.3540625,0.0,0.00375,0.0045,0.034375,0.0,3.35,3.85,0.0013125,0.0020625,0.00025,0.000375,0.0034375,-1.542625
68,Cam Akers,0,0,0.0,0,0.0,1.0,7.0,0,0,0.0,0.0,0.0,-1.519,0,0.0,0.0,60,167.0,2,0.0,0.0,12.0,-4.788,0,11,12,70.0,0,0.0,0.0,-13.0,78.0,2.0,1.247,0,-3.667,0.373,-0.062,0.515,0.0,35.7,46.7,7,0.048,-0.007,0.099,0.066,0.038,0.0,0.021,0.019,0.019,0.03,0.279,0.075,-6.307,0.0,0.0,0.0,0.0,0.0,0.14285714285714285,1.0,0.0,0.0,0.0,0.0,0.0,-0.217,0.0,0.0,0.0,8.571428571428571,23.857142857142858,0.2857142857142857,0.0,0.0,1.7142857142857142,-0.684,0.0,1.5714285714285714,1.7142857142857142,10.0,0.0,0.0,0.0,-1.8571428571428572,11.142857142857142,0.2857142857142857,0.17814285714285716,0.0,-0.5238571428571428,-0.008857142857142857,0.07357142857142858,0.0,5.1000000000000005,6.671428571428572,0.006857142857142858,0.009428571428571429,0.0027142857142857142,0.004285714285714286,0.03985714285714286,-0.901
69,DeeJay Dallas,0,0,0.0,0,0.0,1.0,0.0,0,0,0.0,0.0,0.0,-0.518,0,0.0,0.0,10,36.0,0,0.0,0.0,2.0,0.156,0,6,9,26.0,0,0.0,0.0,-15.0,31.0,1.0,-7.687,0,1.633,0.293,-0.01,0.433,0.0,6.2,12.2,10,0.027,-0.006,0.028,0.035,0.011,0.0,0.009,0.008,0.005,0.009,0.077,0.015,-0.362,0.0,0.0,0.0,0.0,0.0,0.1,0.0,0.0,0.0,0.0,0.0,0.0,-0.0518,0.0,0.0,0.0,1.0,3.6,0.0,0.0,0.0,0.2,0.0156,0.0,0.6,0.9,2.6,0.0,0.0,0.0,-1.5,3.1,0.1,-0.7687,0.0,0.1633,-0.001,0.0433,0.0,0.62,1.22,0.0027,0.0035000000000000005,0.0005,0.0009,0.0077,-0.036199999999999996
70,Ke'Shawn Vaughn,0,0,0.0,0,0.0,0.0,0.0,0,0,0.0,0.0,0.0,0.0,0,0.0,0.0,24,42.0,0,0.0,0.0,0.0,-11.137,0,2,5,2.0,0,0.0,0.0,-2.0,1.0,0.0,-4.583,0,2.5,0.145,0.002,0.219,0.0,4.4,6.4,5,0.027,-0.001,0.002,0.04,0.002,0.0,0.0,0.0,0.001,0.001,0.011,0.015,-11.137,0.0,0.0,0.0,0.0,0.0,0.0,0.0,0.0,0.0,0.0,0.0,0.0,0.0,0.0,0.0,0.0,4.8,8.4,0.0,0.0,0.0,0.0,-2.2274000000000003,0.0,0.4,1.0,0.4,0.0,0.0,0.0,-0.4,0.2,0.0,-0.9166000000000001,0.0,0.5,0.0004,0.0438,0.0,0.8800000000000001,1.28,0.0054,0.008,0.0002,0.0002,0.0021999999999999997,-2.2274000000000003
71,Deon Jackson,0,0,0.0,0,0.0,0.0,0.0,0,0,0.0,0.0,0.0,0.0,0,0.0,0.0,14,16.0,0,1.0,1.0,1.0,-11.443,0,5,6,14.0,0,1.0,1.0,-6.0,20.0,0.0,-8.511,0,-2.333,0.154,-0.028,0.212,0.0,-1.0,4.0,2,0.088,-0.012,0.078,0.123,0.033,0.0,0.0,0.0,0.017,0.026,0.206,0.029,-11.443,0.0,0.0,0.0,0.0,0.0,0.0,0.0,0.0,0.0,0.0,0.0,0.0,0.0,0.0,0.0,0.0,7.0,8.0,0.0,0.5,0.5,0.5,-5.7215,0.0,2.5,3.0,7.0,0.0,0.5,0.5,-3.0,10.0,0.0,-4.2555,0.0,-1.1665,-0.014,0.106,0.0,-0.5,2.0,0.044,0.0615,0.0085,0.013,0.103,-5.7215
72,Chuba Hubbard,0,0,0.0,0,0.0,0.0,0.0,0,0,0.0,0.0,0.0,0.0,0,0.0,0.0,215,819.0,5,0.0,0.0,53.0,-17.702,0,37,42,224.0,0,1.0,0.0,-25.0,251.0,9.0,-11.32,0,14.003,1.341,-0.108,1.936,0.0,134.3,171.3,16,0.074,-0.006,0.182,0.106,0.071,0.0,0.061,0.056,0.036,0.057,0.394,0.157,-17.702,0.0,0.0,0.0,0.0,0.0,0.0,0.0,0.0,0.0,0.0,0.0,0.0,0.0,0.0,0.0,0.0,13.4375,51.1875,0.3125,0.0,0.0,3.3125,-1.106375,0.0,2.3125,2.625,14.0,0.0,0.0625,0.0,-1.5625,15.6875,0.5625,-0.7075,0.0,0.8751875,-0.00675,0.121,0.0,8.39375,10.70625,0.004625,0.006625,0.00225,0.0035625,0.024625,-1.106375
73,Elijah Mitchell,0,0,0.0,0,0.0,0.0,0.0,0,0,0.0,0.0,0.0,0.0,0,0.0,0.0,61,229.0,1,0.0,0.0,12.0,-10.557,0,4,6,-1.0,0,0.0,0.0,-28.0,17.0,0.0,-9.328,0,0.333,0.191,-0.14,0.188,0.0,28.8,32.8,10,0.02,-0.013,0.013,0.021,-0.0,0.0,0.0,0.0,-0.0,-0.0,-0.003,0.034,-10.557,0.0,0.0,0.0,0.0,0.0,0.0,0.0,0.0,0.0,0.0,0.0,0.0,0.0,0.0,0.0,0.0,6.1,22.9,0.1,0.0,0.0,1.2,-1.0557,0.0,0.4,0.6,-0.1,0.0,0.0,0.0,-2.8,1.7,0.0,-0.9328,0.0,0.0333,-0.014000000000000002,0.0188,0.0,2.88,3.28,0.002,0.0021000000000000003,-0.0,-0.0,-0.00030000000000000003,-1.0557
74,Gary Brightwell,0,0,0.0,0,0.0,0.0,0.0,0,0,0.0,0.0,0.0,0.0,0,0.0,0.0,9,19.0,0,0.0,0.0,0.0,-3.9,0,5,7,47.0,0,0.0,0.0,-6.0,53.0,2.0,2.063,0,0.833,0.225,-0.072,0.287,0.0,6.6,11.6,3,0.072,-0.012,0.196,0.099,0.104,,0.1,0.1,,,0.485,0.08,-3.9,0.0,0.0,0.0,0.0,0.0,0.0,0.0,0.0,0.0,0.0,0.0,0.0,0.0,0.0,0.0,0.0,3.0,6.333333333333333,0.0,0.0,0.0,0.0,-1.3,0.0,1.6666666666666667,2.3333333333333335,15.666666666666666,0.0,0.0,0.0,-2.0,17.666666666666668,0.6666666666666666,0.6876666666666668,0.0,0.2776666666666667,-0.023999999999999997,0.09566666666666666,0.0,2.1999999999999997,3.8666666666666667,0.023999999999999997,0.033,,,0.16166666666666665,-1.3
75,Adam Prentice,0,0,0.0,0,0.0,0.0,0.0,0,0,0.0,0.0,0.0,0.0,0,0.0,0.0,2,12.0,0,1.0,1.0,1.0,-4.063,0,2,3,12.0,0,0.0,0.0,11.0,8.0,0.0,-2.027,0,2.233,0.082,0.05,0.158,0.0,0.4,2.4,2,0.041,0.023,0.034,0.08,0.034,0.0,0.0,0.0,0.017,0.028,0.164,0.019,-4.063,0.0,0.0,0.0,0.0,0.0,0.0,0.0,0.0,0.0,0.0,0.0,0.0,0.0,0.0,0.0,0.0,1.0,6.0,0.0,0.5,0.5,0.5,-2.0315,0.0,1.0,1.5,6.0,0.0,0.0,0.0,5.5,4.0,0.0,-1.0135,0.0,1.1165,0.025,0.079,0.0,0.2,1.2,0.0205,0.04,0.0085,0.014,0.082,-2.0315
76,Kene Nwangwu,0,0,0.0,0,0.0,0.0,0.0,0,0,0.0,0.0,0.0,0.0,0,0.0,0.0,5,13.0,0,0.0,0.0,0.0,-0.823,0,0,0,0.0,0,0.0,0.0,0.0,0.0,0.0,0.0,0,0.0,0.0,0.0,0.0,0.0,1.3,1.3,3,0.0,0.0,0.0,0.0,0.0,0.0,0.0,0.0,0.0,0.0,0.0,0.005,-0.823,0.0,0.0,0.0,0.0,0.0,0.0,0.0,0.0,0.0,0.0,0.0,0.0,0.0,0.0,0.0,0.0,1.6666666666666667,4.333333333333333,0.0,0.0,0.0,0.0,-0.2743333333333333,0.0,0.0,0.0,0.0,0.0,0.0,0.0,0.0,0.0,0.0,0.0,0.0,0.0,0.0,0.0,0.0,0.43333333333333335,0.43333333333333335,0.0,0.0,0.0,0.0,0.0,-0.2743333333333333
77,Rhamondre Stevenson,0,0,0.0,0,0.0,0.0,0.0,0,0,0.0,0.0,0.0,0.0,0,0.0,0.0,156,619.0,4,1.0,1.0,36.0,-12.855,0,38,51,238.0,0,0.0,0.0,13.0,261.0,8.0,-18.017,0,-0.667,1.551,-0.032,2.305,0.0,107.7,145.7,12,0.125,0.004,0.191,0.19,0.098,0.0,0.072,0.066,0.049,0.079,0.582,0.179,-12.855,0.0,0.0,0.0,0.0,0.0,0.0,0.0,0.0,0.0,0.0,0.0,0.0,0.0,0.0,0.0,0.0,13.0,51.583333333333336,0.3333333333333333,0.08333333333333333,0.08333333333333333,3.0,-1.07125,0.0,3.1666666666666665,4.25,19.833333333333332,0.0,0.0,0.0,1.0833333333333333,21.75,0.6666666666666666,-1.5014166666666666,0.0,-0.05558333333333334,-0.0026666666666666666,0.19208333333333336,0.0,8.975,12.141666666666666,0.010416666666666666,0.015833333333333335,0.004083333333333334,0.006583333333333333,0.048499999999999995,-1.07125
78,Najee Harris,0,0,0.0,0,0.0,0.0,0.0,0,0,0.0,0.0,0.0,0.0,0,0.0,0.0,229,923.0,7,2.0,1.0,45.0,-26.221,0,24,33,149.0,0,0.0,0.0,16.0,147.0,7.0,-2.229,0,-0.241,1.143,0.001,1.716,0.0,147.2,171.2,16,0.068,0.004,0.091,0.105,0.046,0.0,0.048,0.045,0.023,0.036,0.307,0.151,-26.221,0.0,0.0,0.0,0.0,0.0,0.0,0.0,0.0,0.0,0.0,0.0,0.0,0.0,0.0,0.0,0.0,14.3125,57.6875,0.4375,0.125,0.0625,2.8125,-1.6388125,0.0,1.5,2.0625,9.3125,0.0,0.0,0.0,1.0,9.1875,0.4375,-0.1393125,0.0,-0.0150625,6.25e-05,0.10725,0.0,9.2,10.7,0.00425,0.0065625,0.0014375,0.00225,0.0191875,-1.6388125
79,Khalil Herbert,0,0,0.0,0,0.0,0.0,0.0,0,0,0.0,0.0,0.0,0.0,0,0.0,0.0,120,583.0,2,0.0,0.0,25.0,1.424,1,18,29,121.0,1,1.0,1.0,19.0,123.0,8.0,-16.91,0,-61.013,1.037,0.126,1.643,0.0,88.4,106.4,11,0.084,0.007,0.108,0.132,0.051,0.062,0.073,0.071,0.057,0.054,0.352,0.119,1.424,0.0,0.0,0.0,0.0,0.0,0.0,0.0,0.0,0.0,0.0,0.0,0.0,0.0,0.0,0.0,0.0,10.909090909090908,53.0,0.18181818181818182,0.0,0.0,2.272727272727273,0.12945454545454546,0.09090909090909091,1.6363636363636365,2.6363636363636362,11.0,0.09090909090909091,0.09090909090909091,0.09090909090909091,1.7272727272727273,11.181818181818182,0.7272727272727273,-1.5372727272727273,0.0,-5.546636363636363,0.011454545454545455,0.14936363636363637,0.0,8.036363636363637,9.672727272727274,0.0076363636363636364,0.012,0.005181818181818182,0.004909090909090909,0.032,0.12945454545454546
80,Kenneth Gainwell,1,1,17.0,0,0.0,0.0,0.0,0,0,17.0,0.0,1.0,1.235,0,1.0,0.0,77,302.0,2,3.0,1.0,16.0,-15.207,1,30,36,183.0,0,0.0,0.0,68.0,175.0,11.0,3.154,0,-39.453,1.133,0.231,1.861,0.0,61.18,91.18,15,0.071,0.016,0.106,0.12,0.05,0.0,0.06,0.053,0.025,0.04,0.363,0.069,-13.972000000000001,0.06666666666666667,0.06666666666666667,1.1333333333333333,0.0,0.0,0.0,0.0,0.0,0.0,1.1333333333333333,0.0,0.06666666666666667,0.08233333333333334,0.0,0.06666666666666667,0.0,5.133333333333334,20.133333333333333,0.13333333333333333,0.2,0.06666666666666667,1.0666666666666667,-1.0138,0.06666666666666667,2.0,2.4,12.2,0.0,0.0,0.0,4.533333333333333,11.666666666666666,0.7333333333333333,0.21026666666666666,0.0,-2.6302000000000003,0.0154,0.12406666666666667,0.0,4.078666666666667,6.078666666666667,0.004733333333333333,0.008,0.0016666666666666668,0.0026666666666666666,0.0242,-0.9314666666666668
81,Michael Carter,0,0,0.0,0,0.0,0.0,0.0,0,0,0.0,0.0,0.0,0.0,0,0.0,0.0,26,170.0,0,0.0,0.0,8.0,4.367,0,23,29,99.0,1,0.0,0.0,33.0,80.0,5.0,-13.904,0,-16.076,0.86,0.163,1.404,0.0,32.9,55.9,14,0.06,0.009,0.053,0.097,0.034,0.077,0.037,0.04,0.055,0.042,0.205,0.053,4.367,0.0,0.0,0.0,0.0,0.0,0.0,0.0,0.0,0.0,0.0,0.0,0.0,0.0,0.0,0.0,0.0,1.8571428571428572,12.142857142857142,0.0,0.0,0.0,0.5714285714285714,0.31192857142857144,0.0,1.6428571428571428,2.0714285714285716,7.071428571428571,0.07142857142857142,0.0,0.0,2.357142857142857,5.714285714285714,0.35714285714285715,-0.9931428571428571,0.0,-1.1482857142857144,0.011642857142857144,0.10028571428571428,0.0,2.35,3.992857142857143,0.004285714285714286,0.006928571428571429,0.003928571428571429,0.003,0.014642857142857141,0.31192857142857144
82,Travis Etienne,0,0,0.0,0,0.0,0.0,0.0,0,0,0.0,0.0,0.0,0.0,0,0.0,0.0,251,951.0,11,0.0,0.0,49.0,-33.719,2,53,67,446.0,1,0.0,0.0,-59.0,490.0,22.0,10.376,0,-81.729,1.921,-0.235,2.717,0.0,215.7,268.7,16,0.116,-0.013,0.268,0.164,0.109,0.05,0.118,0.111,0.079,0.097,0.773,0.196,-33.719,0.0,0.0,0.0,0.0,0.0,0.0,0.0,0.0,0.0,0.0,0.0,0.0,0.0,0.0,0.0,0.0,15.6875,59.4375,0.6875,0.0,0.0,3.0625,-2.1074375,0.125,3.3125,4.1875,27.875,0.0625,0.0,0.0,-3.6875,30.625,1.375,0.6485,0.0,-5.1080625,-0.0146875,0.1698125,0.0,13.48125,16.79375,0.00725,0.01025,0.0049375,0.0060625,0.0483125,-2.1074375
83,Trey Sermon,0,0,0.0,0,0.0,0.0,0.0,0,0,0.0,0.0,0.0,0.0,0,0.0,0.0,35,160.0,0,0.0,0.0,7.0,-1.112,0,3,6,13.0,0,0.0,0.0,11.0,6.0,0.0,-3.04,0,-2.5,0.191,0.053,0.324,0.0,17.3,20.3,8,0.02,0.005,0.007,0.034,0.007,0.0,0.0,0.0,0.003,0.005,0.044,0.03,-1.112,0.0,0.0,0.0,0.0,0.0,0.0,0.0,0.0,0.0,0.0,0.0,0.0,0.0,0.0,0.0,0.0,4.375,20.0,0.0,0.0,0.0,0.875,-0.139,0.0,0.375,0.75,1.625,0.0,0.0,0.0,1.375,0.75,0.0,-0.38,0.0,-0.3125,0.006625,0.0405,0.0,2.1625,2.5375,0.0025,0.00425,0.000375,0.000625,0.0055,-0.139
84,Javonte Williams,0,0,0.0,0,0.0,0.0,0.0,0,0,0.0,0.0,0.0,0.0,0,0.0,0.0,208,742.0,2,0.0,0.0,37.0,-40.757,1,40,49,185.0,2,1.0,1.0,-102.0,270.0,8.0,-7.251,1,-23.165,1.823,-0.656,2.276,0.0,118.7,158.7,15,0.109,-0.031,0.153,0.139,0.06,0.08,0.061,0.064,0.07,0.064,0.413,0.136,-40.757,0.0,0.0,0.0,0.0,0.0,0.0,0.0,0.0,0.0,0.0,0.0,0.0,0.0,0.0,0.0,0.0,13.866666666666667,49.46666666666667,0.13333333333333333,0.0,0.0,2.466666666666667,-2.7171333333333334,0.06666666666666667,2.6666666666666665,3.2666666666666666,12.333333333333334,0.13333333333333333,0.06666666666666667,0.06666666666666667,-6.8,18.0,0.5333333333333333,-0.4834,0.06666666666666667,-1.5443333333333333,-0.04373333333333333,0.15173333333333333,0.0,7.913333333333333,10.58,0.007266666666666667,0.009266666666666668,0.004666666666666667,0.004266666666666667,0.027533333333333333,-2.7171333333333334
85,Tyler Goodson,0,0,0.0,0,0.0,0.0,0.0,0,0,0.0,0.0,0.0,0.0,0,0.0,0.0,13,87.0,0,0.0,0.0,4.0,-2.686,0,6,7,34.0,0,0.0,0.0,-16.0,51.0,1.0,0.291,0,3.958,0.206,-0.056,0.27,0.0,12.1,18.1,5,0.041,-0.012,0.093,0.052,0.029,0.0,0.019,0.017,0.014,0.023,0.201,0.044,-2.686,0.0,0.0,0.0,0.0,0.0,0.0,0.0,0.0,0.0,0.0,0.0,0.0,0.0,0.0,0.0,0.0,2.6,17.4,0.0,0.0,0.0,0.8,-0.5372,0.0,1.2,1.4,6.8,0.0,0.0,0.0,-3.2,10.2,0.2,0.058199999999999995,0.0,0.7916000000000001,-0.0112,0.054000000000000006,0.0,2.42,3.62,0.0082,0.0104,0.0028,0.0046,0.0402,-0.5372
86,Zonovan Knight,0,0,0.0,0,0.0,0.0,0.0,0,0,0.0,0.0,0.0,0.0,0,0.0,0.0,3,13.0,0,0.0,0.0,0.0,-0.205,0,1,1,8.0,0,0.0,0.0,-5.0,13.0,0.0,0.61,0,-1.6,0.037,-0.03,0.034,0.0,2.1,3.1,2,0.016,-0.012,0.07,0.015,0.017,0.0,0.0,0.0,0.008,0.013,0.131,0.016,-0.205,0.0,0.0,0.0,0.0,0.0,0.0,0.0,0.0,0.0,0.0,0.0,0.0,0.0,0.0,0.0,0.0,1.5,6.5,0.0,0.0,0.0,0.0,-0.1025,0.0,0.5,0.5,4.0,0.0,0.0,0.0,-2.5,6.5,0.0,0.305,0.0,-0.8,-0.015,0.017,0.0,1.05,1.55,0.008,0.0075,0.004,0.0065,0.0655,-0.1025
87,Isiah Pacheco,0,0,0.0,0,0.0,0.0,0.0,0,0,0.0,0.0,0.0,0.0,0,0.0,0.0,205,935.0,7,1.0,1.0,53.0,-3.767,0,44,49,244.0,2,0.0,0.0,-113.0,359.0,12.0,1.822,0,-9.342,1.429,-0.558,1.753,0.0,169.9,213.9,14,0.094,-0.033,0.163,0.114,0.067,0.083,0.066,0.068,0.075,0.07,0.466,0.169,-3.767,0.0,0.0,0.0,0.0,0.0,0.0,0.0,0.0,0.0,0.0,0.0,0.0,0.0,0.0,0.0,0.0,14.642857142857142,66.78571428571429,0.5,0.07142857142857142,0.07142857142857142,3.7857142857142856,-0.2690714285714286,0.0,3.142857142857143,3.5,17.428571428571427,0.14285714285714285,0.0,0.0,-8.071428571428571,25.642857142857142,0.8571428571428571,0.13014285714285714,0.0,-0.6672857142857144,-0.03985714285714286,0.1252142857142857,0.0,12.135714285714286,15.278571428571428,0.006714285714285714,0.008142857142857143,0.005357142857142857,0.005,0.03328571428571429,-0.2690714285714286
88,Jaylen Warren,0,0,0.0,0,0.0,0.0,0.0,0,0,0.0,0.0,0.0,0.0,0,0.0,0.0,140,751.0,4,2.0,1.0,35.0,-1.188,0,56,69,353.0,0,0.0,0.0,-114.0,464.0,18.0,-8.841,0,-18.491,2.434,-0.588,3.238,0.0,132.4,188.4,16,0.142,-0.031,0.287,0.188,0.108,0.0,0.124,0.115,0.054,0.086,0.726,0.166,-1.188,0.0,0.0,0.0,0.0,0.0,0.0,0.0,0.0,0.0,0.0,0.0,0.0,0.0,0.0,0.0,0.0,8.75,46.9375,0.25,0.125,0.0625,2.1875,-0.07425,0.0,3.5,4.3125,22.0625,0.0,0.0,0.0,-7.125,29.0,1.125,-0.5525625,0.0,-1.1556875,-0.03675,0.202375,0.0,8.275,11.775,0.008875,0.01175,0.003375,0.005375,0.045375,-0.07425
89,James Cook,0,0,0.0,0,0.0,0.0,0.0,0,0,0.0,0.0,0.0,0.0,0,0.0,0.0,224,1086.0,2,3.0,1.0,51.0,-5.068,0,41,50,429.0,4,1.0,1.0,111.0,385.0,16.0,16.37,0,44.816,1.575,0.47,2.692,0.0,183.5,224.5,16,0.092,0.024,0.21,0.158,0.109,0.148,0.086,0.094,0.128,0.117,0.793,0.151,-5.068,0.0,0.0,0.0,0.0,0.0,0.0,0.0,0.0,0.0,0.0,0.0,0.0,0.0,0.0,0.0,0.0,14.0,67.875,0.125,0.1875,0.0625,3.1875,-0.31675,0.0,2.5625,3.125,26.8125,0.25,0.0625,0.0625,6.9375,24.0625,1.0,1.023125,0.0,2.801,0.029375,0.16825,0.0,11.46875,14.03125,0.00575,0.009875,0.008,0.0073125,0.0495625,-0.31675
90,Rachaad White,0,0,0.0,0,0.0,0.0,0.0,0,0,0.0,0.0,0.0,0.0,0,0.0,0.0,253,915.0,6,2.0,1.0,42.0,-44.101,0,60,66,531.0,3,1.0,1.0,-37.0,597.0,22.0,22.717,0,19.783,1.988,-0.166,2.867,0.0,194.6,254.6,16,0.123,-0.008,0.324,0.178,0.136,0.107,0.121,0.119,0.122,0.13,0.991,0.191,-44.101,0.0,0.0,0.0,0.0,0.0,0.0,0.0,0.0,0.0,0.0,0.0,0.0,0.0,0.0,0.0,0.0,15.8125,57.1875,0.375,0.125,0.0625,2.625,-2.7563125,0.0,3.75,4.125,33.1875,0.1875,0.0625,0.0625,-2.3125,37.3125,1.375,1.4198125,0.0,1.2364375,-0.010375,0.1791875,0.0,12.1625,15.9125,0.0076875,0.011125,0.007625,0.008125,0.0619375,-2.7563125
91,Dameon Pierce,0,0,0.0,0,0.0,0.0,0.0,0,0,0.0,0.0,0.0,0.0,0,0.0,0.0,145,416.0,2,0.0,0.0,14.0,-40.758,0,13,17,101.0,0,0.0,0.0,14.0,95.0,3.0,0.55,0,19.636,0.487,0.051,0.766,1.0,69.7,82.7,13,0.038,0.004,0.064,0.06,0.032,0.0,0.02,0.018,0.016,0.026,0.226,0.079,-40.758,0.0,0.0,0.0,0.0,0.0,0.0,0.0,0.0,0.0,0.0,0.0,0.0,0.0,0.0,0.0,0.0,11.153846153846153,32.0,0.15384615384615385,0.0,0.0,1.0769230769230769,-3.1352307692307693,0.0,1.0,1.3076923076923077,7.769230769230769,0.0,0.0,0.0,1.0769230769230769,7.3076923076923075,0.23076923076923078,0.04230769230769231,0.0,1.5104615384615383,0.003923076923076923,0.058923076923076925,0.07692307692307693,5.361538461538462,6.361538461538462,0.002923076923076923,0.004615384615384615,0.0012307692307692308,0.002,0.017384615384615384,-3.1352307692307693
92,Tyler Allgeier,0,0,0.0,0,0.0,0.0,0.0,0,0,0.0,0.0,0.0,0.0,0,0.0,0.0,180,659.0,4,0.0,0.0,38.0,-19.449,0,15,20,183.0,1,0.0,0.0,-11.0,195.0,5.0,3.623,1,-12.831,0.748,0.014,1.131,0.0,116.2,131.2,16,0.04,-0.003,0.127,0.058,0.053,0.067,0.029,0.032,0.06,0.056,0.369,0.11,-19.449,0.0,0.0,0.0,0.0,0.0,0.0,0.0,0.0,0.0,0.0,0.0,0.0,0.0,0.0,0.0,0.0,11.25,41.1875,0.25,0.0,0.0,2.375,-1.2155625,0.0,0.9375,1.25,11.4375,0.0625,0.0,0.0,-0.6875,12.1875,0.3125,0.2264375,0.0625,-0.8019375,0.000875,0.0706875,0.0,7.2625,8.2,0.0025,0.003625,0.00375,0.0035,0.0230625,-1.2155625
93,Jerome Ford,0,0,0.0,0,0.0,0.0,0.0,0,0,0.0,0.0,0.0,0.0,0,0.0,0.0,201,807.0,4,0.0,0.0,33.0,-35.142,1,42,60,293.0,5,0.0,0.0,25.0,278.0,15.0,-6.627,0,57.412,1.674,0.093,2.576,0.0,166.0,208.0,16,0.1,0.005,0.156,0.154,0.076,0.227,0.091,0.107,0.152,0.106,0.49,0.156,-35.142,0.0,0.0,0.0,0.0,0.0,0.0,0.0,0.0,0.0,0.0,0.0,0.0,0.0,0.0,0.0,0.0,12.5625,50.4375,0.25,0.0,0.0,2.0625,-2.196375,0.0625,2.625,3.75,18.3125,0.3125,0.0,0.0,1.5625,17.375,0.9375,-0.4141875,0.0,3.58825,0.0058125,0.161,0.0,10.375,13.0,0.00625,0.009625,0.0095,0.006625,0.030625,-2.196375
94,Ty Chandler,0,0,0.0,0,0.0,0.0,0.0,0,0,0.0,0.0,0.0,0.0,0,0.0,0.0,90,392.0,3,0.0,0.0,17.0,-0.382,0,19,22,139.0,0,0.0,0.0,-39.0,184.0,6.0,3.272,0,-5.481,0.651,-0.151,0.871,0.0,71.1,90.1,12,0.047,-0.01,0.13,0.062,0.04,0.0,0.037,0.033,0.02,0.032,0.298,0.082,-0.382,0.0,0.0,0.0,0.0,0.0,0.0,0.0,0.0,0.0,0.0,0.0,0.0,0.0,0.0,0.0,0.0,7.5,32.666666666666664,0.25,0.0,0.0,1.4166666666666667,-0.03183333333333333,0.0,1.5833333333333333,1.8333333333333333,11.583333333333334,0.0,0.0,0.0,-3.25,15.333333333333334,0.5,0.27266666666666667,0.0,-0.45675,-0.012583333333333334,0.07258333333333333,0.0,5.925,7.508333333333333,0.003916666666666666,0.005166666666666667,0.0016666666666666668,0.0026666666666666666,0.024833333333333332,-0.03183333333333333
95,Kevin Harris,0,0,0.0,0,0.0,0.0,0.0,0,0,0.0,0.0,0.0,0.0,0,0.0,0.0,13,61.0,1,0.0,0.0,2.0,-0.656,0,2,2,54.0,0,0.0,0.0,-1.0,55.0,2.0,5.012,0,-54.0,0.083,-0.005,0.121,0.0,17.5,19.5,3,0.022,-0.002,0.187,0.032,0.084,0.0,0.071,0.065,0.042,0.067,0.6,0.087,-0.656,0.0,0.0,0.0,0.0,0.0,0.0,0.0,0.0,0.0,0.0,0.0,0.0,0.0,0.0,0.0,0.0,4.333333333333333,20.333333333333332,0.3333333333333333,0.0,0.0,0.6666666666666666,-0.21866666666666668,0.0,0.6666666666666666,0.6666666666666666,18.0,0.0,0.0,0.0,-0.3333333333333333,18.333333333333332,0.6666666666666666,1.6706666666666665,0.0,-18.0,-0.0016666666666666668,0.04033333333333333,0.0,5.833333333333333,6.5,0.007333333333333333,0.010666666666666666,0.014,0.022333333333333334,0.19999999999999998,-0.21866666666666668
96,Keaontay Ingram,0,0,0.0,0,0.0,0.0,0.0,0,0,0.0,0.0,0.0,0.0,0,0.0,0.0,35,74.0,0,0.0,0.0,4.0,-11.317,0,4,4,26.0,0,0.0,0.0,-5.0,31.0,1.0,0.338,0,-2.933,0.128,-0.034,0.168,0.0,10.0,14.0,7,0.019,-0.003,0.053,0.026,0.02,0.0,0.015,0.014,0.01,0.016,0.123,0.03,-11.317,0.0,0.0,0.0,0.0,0.0,0.0,0.0,0.0,0.0,0.0,0.0,0.0,0.0,0.0,0.0,0.0,5.0,10.571428571428571,0.0,0.0,0.0,0.5714285714285714,-1.6167142857142858,0.0,0.5714285714285714,0.5714285714285714,3.7142857142857144,0.0,0.0,0.0,-0.7142857142857143,4.428571428571429,0.14285714285714285,0.048285714285714286,0.0,-0.419,-0.004857142857142858,0.024,0.0,1.4285714285714286,2.0,0.0027142857142857142,0.0037142857142857142,0.0014285714285714286,0.002285714285714286,0.01757142857142857,-1.6167142857142858
97,Raheem Blackshear,0,0,0.0,0,0.0,0.0,0.0,0,0,0.0,0.0,0.0,0.0,0,0.0,0.0,13,40.0,0,0.0,0.0,1.0,-4.388,1,6,7,45.0,0,0.0,0.0,13.0,38.0,1.0,-2.054,0,1.571,0.212,0.042,0.348,0.0,10.5,16.5,7,0.028,0.006,0.065,0.047,0.031,0.0,0.016,0.015,0.016,0.025,0.18,0.033,-4.388,0.0,0.0,0.0,0.0,0.0,0.0,0.0,0.0,0.0,0.0,0.0,0.0,0.0,0.0,0.0,0.0,1.8571428571428572,5.714285714285714,0.0,0.0,0.0,0.14285714285714285,-0.6268571428571429,0.14285714285714285,0.8571428571428571,1.0,6.428571428571429,0.0,0.0,0.0,1.8571428571428572,5.428571428571429,0.14285714285714285,-0.2934285714285714,0.0,0.22442857142857142,0.006,0.04971428571428571,0.0,1.5,2.357142857142857,0.004,0.006714285714285714,0.002285714285714286,0.0035714285714285718,0.025714285714285714,-0.6268571428571429
98,Jordan Mason,0,0,0.0,0,0.0,0.0,0.0,0,0,0.0,0.0,0.0,0.0,0,0.0,0.0,34,170.0,3,0.0,0.0,10.0,2.581,0,2,3,19.0,0,0.0,0.0,8.0,15.0,1.0,0.22,0,-0.833,0.125,0.045,0.218,0.0,36.9,38.9,8,0.014,0.004,0.014,0.024,0.009,0.0,0.01,0.009,0.004,0.007,0.086,0.046,2.581,0.0,0.0,0.0,0.0,0.0,0.0,0.0,0.0,0.0,0.0,0.0,0.0,0.0,0.0,0.0,0.0,4.25,21.25,0.375,0.0,0.0,1.25,0.322625,0.0,0.25,0.375,2.375,0.0,0.0,0.0,1.0,1.875,0.125,0.0275,0.0,-0.104125,0.005625,0.02725,0.0,4.6125,4.8625,0.00175,0.003,0.0005,0.000875,0.01075,0.322625
99,Ronnie Rivers,0,0,0.0,0,0.0,0.0,0.0,0,0,0.0,0.0,0.0,0.0,0,0.0,0.0,19,77.0,0,0.0,0.0,2.0,-3.37,0,5,5,22.0,0,0.0,0.0,-19.0,41.0,0.0,-0.638,0,-7.3,0.148,-0.087,0.16,0.0,9.9,14.9,6,0.022,-0.011,0.052,0.025,0.013,0.0,0.0,0.0,0.006,0.01,0.098,0.026,-3.37,0.0,0.0,0.0,0.0,0.0,0.0,0.0,0.0,0.0,0.0,0.0,0.0,0.0,0.0,0.0,0.0,3.1666666666666665,12.833333333333334,0.0,0.0,0.0,0.3333333333333333,-0.5616666666666666,0.0,0.8333333333333334,0.8333333333333334,3.6666666666666665,0.0,0.0,0.0,-3.1666666666666665,6.833333333333333,0.0,-0.10633333333333334,0.0,-1.2166666666666666,-0.014499999999999999,0.02666666666666667,0.0,1.6500000000000001,2.4833333333333334,0.0036666666666666666,0.004166666666666667,0.001,0.0016666666666666668,0.016333333333333335,-0.5616666666666666
100,Brian Robinson,0,0,0.0,0,0.0,0.0,0.0,0,0,0.0,0.0,0.0,0.0,0,0.0,0.0,169,708.0,5,2.0,1.0,46.0,-16.627,1,33,40,358.0,3,1.0,0.0,-51.0,396.0,13.0,19.212,0,-38.299,1.079,-0.206,1.474,0.0,154.6,187.6,14,0.074,-0.013,0.221,0.102,0.098,0.158,0.079,0.087,0.128,0.11,0.667,0.155,-16.627,0.0,0.0,0.0,0.0,0.0,0.0,0.0,0.0,0.0,0.0,0.0,0.0,0.0,0.0,0.0,0.0,12.071428571428571,50.57142857142857,0.35714285714285715,0.14285714285714285,0.07142857142857142,3.2857142857142856,-1.187642857142857,0.07142857142857142,2.357142857142857,2.857142857142857,25.571428571428573,0.21428571428571427,0.07142857142857142,0.0,-3.642857142857143,28.285714285714285,0.9285714285714286,1.3722857142857143,0.0,-2.735642857142857,-0.014714285714285713,0.10528571428571429,0.0,11.042857142857143,13.4,0.005285714285714285,0.007285714285714285,0.009142857142857144,0.007857142857142858,0.047642857142857147,-1.187642857142857
101,Kyren Williams,0,0,0.0,0,0.0,0.0,0.0,0,0,0.0,0.0,0.0,0.0,0,0.0,0.0,228,1144.0,12,2.0,1.0,62.0,22.437,1,32,48,206.0,3,1.0,1.0,10.0,277.0,9.0,-15.6,0,25.753,1.322,0.03,2.003,0.0,223.0,255.0,12,0.109,0.003,0.177,0.166,0.061,0.143,0.055,0.065,0.102,0.077,0.469,0.215,22.437,0.0,0.0,0.0,0.0,0.0,0.0,0.0,0.0,0.0,0.0,0.0,0.0,0.0,0.0,0.0,0.0,19.0,95.33333333333333,1.0,0.16666666666666666,0.08333333333333333,5.166666666666667,1.86975,0.08333333333333333,2.6666666666666665,4.0,17.166666666666668,0.25,0.08333333333333333,0.08333333333333333,0.8333333333333334,23.083333333333332,0.75,-1.3,0.0,2.1460833333333333,0.0025,0.16691666666666669,0.0,18.583333333333332,21.25,0.009083333333333334,0.013833333333333335,0.008499999999999999,0.006416666666666667,0.03908333333333333,1.86975
102,Zamir White,0,0,0.0,0,0.0,0.0,0.0,0,0,0.0,0.0,0.0,0.0,0,0.0,0.0,79,339.0,1,1.0,1.0,12.0,-14.715,0,14,17,89.0,0,0.0,0.0,5.0,85.0,4.0,0.345,0,-3.0,0.47,-0.0,0.705,0.0,46.8,60.8,12,0.044,0.002,0.074,0.067,0.036,0.0,0.031,0.028,0.018,0.029,0.229,0.07,-14.715,0.0,0.0,0.0,0.0,0.0,0.0,0.0,0.0,0.0,0.0,0.0,0.0,0.0,0.0,0.0,0.0,6.583333333333333,28.25,0.08333333333333333,0.08333333333333333,0.08333333333333333,1.0,-1.22625,0.0,1.1666666666666667,1.4166666666666667,7.416666666666667,0.0,0.0,0.0,0.4166666666666667,7.083333333333333,0.3333333333333333,0.028749999999999998,0.0,-0.25,-0.0,0.05875,0.0,3.9,5.066666666666666,0.0036666666666666666,0.005583333333333333,0.0014999999999999998,0.002416666666666667,0.019083333333333334,-1.22625
103,Isaiah Spiller,0,0,0.0,0,0.0,0.0,0.0,0,0,0.0,0.0,0.0,0.0,0,0.0,0.0,37,96.0,0,0.0,0.0,1.0,-14.361,0,6,6,34.0,0,0.0,0.0,-5.0,39.0,1.0,0.525,0,-13.0,0.195,-0.017,0.28,0.0,13.0,19.0,9,0.018,-0.002,0.032,0.025,0.014,0.0,0.008,0.008,0.007,0.011,0.101,0.024,-14.361,0.0,0.0,0.0,0.0,0.0,0.0,0.0,0.0,0.0,0.0,0.0,0.0,0.0,0.0,0.0,0.0,4.111111111111111,10.666666666666666,0.0,0.0,0.0,0.1111111111111111,-1.5956666666666668,0.0,0.6666666666666666,0.6666666666666666,3.7777777777777777,0.0,0.0,0.0,-0.5555555555555556,4.333333333333333,0.1111111111111111,0.058333333333333334,0.0,-1.4444444444444444,-0.001888888888888889,0.031111111111111114,0.0,1.4444444444444444,2.111111111111111,0.002,0.002777777777777778,0.0007777777777777778,0.0012222222222222222,0.011222222222222224,-1.5956666666666668
104,Pierre Strong,0,0,0.0,0,0.0,0.0,0.0,0,0,0.0,0.0,0.0,0.0,0,0.0,0.0,49,226.0,1,1.0,1.0,9.0,-8.442,0,5,7,47.0,0,0.0,0.0,-24.0,73.0,1.0,-1.673,0,-7.804,0.187,-0.119,0.197,0.0,31.3,36.3,12,0.015,-0.006,0.051,0.018,0.015,0.0,0.008,0.007,0.008,0.012,0.103,0.035,-8.442,0.0,0.0,0.0,0.0,0.0,0.0,0.0,0.0,0.0,0.0,0.0,0.0,0.0,0.0,0.0,0.0,4.083333333333333,18.833333333333332,0.08333333333333333,0.08333333333333333,0.08333333333333333,0.75,-0.7035,0.0,0.4166666666666667,0.5833333333333334,3.9166666666666665,0.0,0.0,0.0,-2.0,6.083333333333333,0.08333333333333333,-0.13941666666666666,0.0,-0.6503333333333333,-0.009916666666666666,0.016416666666666666,0.0,2.6083333333333334,3.025,0.00125,0.0014999999999999998,0.0006666666666666666,0.001,0.008583333333333333,-0.7035
105,Breece Hall,0,0,0.0,0,0.0,0.0,0.0,0,0,0.0,0.0,0.0,0.0,0,0.0,0.0,186,816.0,4,2.0,0.0,32.0,-19.226,0,74,93,579.0,4,0.0,0.0,-44.0,633.0,27.0,5.598,0,-23.965,2.625,-0.158,3.827,0.0,187.5,261.5,16,0.16,-0.011,0.365,0.231,0.175,0.364,0.176,0.189,0.269,0.213,0.997,0.247,-19.226,0.0,0.0,0.0,0.0,0.0,0.0,0.0,0.0,0.0,0.0,0.0,0.0,0.0,0.0,0.0,0.0,11.625,51.0,0.25,0.125,0.0,2.0,-1.201625,0.0,4.625,5.8125,36.1875,0.25,0.0,0.0,-2.75,39.5625,1.6875,0.349875,0.0,-1.4978125,-0.009875,0.2391875,0.0,11.71875,16.34375,0.01,0.0144375,0.0168125,0.0133125,0.0623125,-1.201625
106,Kenneth Walker,0,0,0.0,0,0.0,0.0,0.0,0,0,0.0,0.0,0.0,0.0,0,0.0,0.0,202,827.0,8,1.0,0.0,41.0,-7.477,0,28,36,256.0,1,0.0,0.0,-72.0,307.0,9.0,4.015,0,-16.294,1.165,-0.431,1.446,0.0,162.3,190.3,14,0.075,-0.021,0.184,0.096,0.074,0.056,0.057,0.056,0.065,0.07,0.534,0.167,-7.477,0.0,0.0,0.0,0.0,0.0,0.0,0.0,0.0,0.0,0.0,0.0,0.0,0.0,0.0,0.0,0.0,14.428571428571429,59.07142857142857,0.5714285714285714,0.07142857142857142,0.0,2.9285714285714284,-0.5340714285714286,0.0,2.0,2.5714285714285716,18.285714285714285,0.07142857142857142,0.0,0.0,-5.142857142857143,21.928571428571427,0.6428571428571429,0.28678571428571425,0.0,-1.163857142857143,-0.030785714285714284,0.10328571428571429,0.0,11.592857142857143,13.592857142857143,0.005357142857142857,0.006857142857142858,0.004642857142857143,0.005,0.038142857142857145,-0.5340714285714286
107,Israel Abanikanda,0,0,0.0,0,0.0,0.0,0.0,0,0,0.0,0.0,0.0,0.0,0,0.0,0.0,19,64.0,0,0.0,0.0,3.0,-2.492,0,7,11,43.0,0,0.0,0.0,6.0,46.0,2.0,-1.215,0,-4.756,0.291,0.046,0.469,0.0,10.7,17.7,5,0.056,0.006,0.073,0.089,0.041,0.0,0.037,0.034,0.021,0.033,0.218,0.05,-2.492,0.0,0.0,0.0,0.0,0.0,0.0,0.0,0.0,0.0,0.0,0.0,0.0,0.0,0.0,0.0,0.0,3.8,12.8,0.0,0.0,0.0,0.6,-0.4984,0.0,1.4,2.2,8.6,0.0,0.0,0.0,1.2,9.2,0.4,-0.24300000000000002,0.0,-0.9512,0.0092,0.0938,0.0,2.1399999999999997,3.54,0.0112,0.0178,0.004200000000000001,0.0066,0.0436,-0.4984
108,Eric Gray,0,0,0.0,0,0.0,0.0,0.0,0,0,0.0,0.0,0.0,0.0,0,0.0,0.0,14,29.0,0,1.0,0.0,1.0,-8.123,0,5,6,13.0,0,0.0,0.0,-8.0,31.0,0.0,-3.32,0,0.357,0.177,-0.045,0.234,0.0,4.2,9.2,4,0.041,-0.008,0.069,0.055,0.014,0.0,0.0,0.0,0.007,0.011,0.088,0.033,-8.123,0.0,0.0,0.0,0.0,0.0,0.0,0.0,0.0,0.0,0.0,0.0,0.0,0.0,0.0,0.0,0.0,3.5,7.25,0.0,0.25,0.0,0.25,-2.03075,0.0,1.25,1.5,3.25,0.0,0.0,0.0,-2.0,7.75,0.0,-0.83,0.0,0.08925,-0.01125,0.0585,0.0,1.05,2.3,0.01025,0.01375,0.00175,0.00275,0.022,-2.03075
109,Keaton Mitchell,0,0,0.0,0,0.0,0.0,0.0,0,0,0.0,0.0,0.0,0.0,0,0.0,0.0,47,396.0,2,0.0,0.0,19.0,17.403,0,9,11,93.0,0,0.0,0.0,-2.0,122.0,5.0,2.592,0,19.192,0.401,-0.022,0.586,0.0,60.9,69.9,7,0.053,-0.001,0.143,0.078,0.054,0.0,0.063,0.055,0.027,0.043,0.445,0.102,17.403,0.0,0.0,0.0,0.0,0.0,0.0,0.0,0.0,0.0,0.0,0.0,0.0,0.0,0.0,0.0,0.0,6.714285714285714,56.57142857142857,0.2857142857142857,0.0,0.0,2.7142857142857144,2.4861428571428568,0.0,1.2857142857142858,1.5714285714285714,13.285714285714286,0.0,0.0,0.0,-0.2857142857142857,17.428571428571427,0.7142857142857143,0.3702857142857143,0.0,2.7417142857142855,-0.0031428571428571426,0.08371428571428571,0.0,8.7,9.985714285714286,0.007571428571428571,0.011142857142857144,0.003857142857142857,0.006142857142857143,0.06357142857142857,2.4861428571428568
110,Bijan Robinson,0,0,0.0,0,0.0,0.0,0.0,0,0,0.0,0.0,0.0,0.0,0,0.0,0.0,203,948.0,4,4.0,3.0,48.0,-22.261,0,51,78,384.0,3,0.0,0.0,33.0,405.0,22.0,-15.797,0,26.481,2.708,-0.103,3.99,0.0,169.2,220.2,16,0.157,0.008,0.264,0.242,0.111,0.2,0.129,0.135,0.156,0.129,0.774,0.185,-22.261,0.0,0.0,0.0,0.0,0.0,0.0,0.0,0.0,0.0,0.0,0.0,0.0,0.0,0.0,0.0,0.0,12.6875,59.25,0.25,0.25,0.1875,3.0,-1.3913125,0.0,3.1875,4.875,24.0,0.1875,0.0,0.0,2.0625,25.3125,1.375,-0.9873125,0.0,1.6550625,-0.0064375,0.249375,0.0,10.575,13.7625,0.0098125,0.015125,0.00975,0.0080625,0.048375,-1.3913125
111,Kendre Miller,0,0,0.0,0,0.0,0.0,0.0,0,0,0.0,0.0,0.0,0.0,0,0.0,0.0,28,83.0,0,0.0,0.0,5.0,-4.862,0,9,10,111.0,0,0.0,0.0,-10.0,124.0,5.0,5.843,0,-2.133,0.325,-0.064,0.443,0.0,19.4,28.4,6,0.047,-0.005,0.182,0.066,0.076,0.0,0.077,0.068,0.038,0.061,0.519,0.055,-4.862,0.0,0.0,0.0,0.0,0.0,0.0,0.0,0.0,0.0,0.0,0.0,0.0,0.0,0.0,0.0,0.0,4.666666666666667,13.833333333333334,0.0,0.0,0.0,0.8333333333333334,-0.8103333333333333,0.0,1.5,1.6666666666666667,18.5,0.0,0.0,0.0,-1.6666666666666667,20.666666666666668,0.8333333333333334,0.9738333333333333,0.0,-0.3555,-0.010666666666666666,0.07383333333333333,0.0,3.233333333333333,4.733333333333333,0.007833333333333333,0.011000000000000001,0.006333333333333333,0.010166666666666666,0.08650000000000001,-0.8103333333333333
112,Tank Bigsby,0,0,0.0,0,0.0,0.0,0.0,0,0,0.0,0.0,0.0,0.0,0,0.0,0.0,47,116.0,2,1.0,1.0,11.0,-13.807,0,1,4,6.0,0,0.0,0.0,6.0,5.0,0.0,-13.689,0,6.0,0.124,0.026,0.205,0.0,22.2,23.2,12,0.01,0.002,0.004,0.016,0.002,0.0,0.0,0.0,0.001,0.002,0.015,0.023,-13.807,0.0,0.0,0.0,0.0,0.0,0.0,0.0,0.0,0.0,0.0,0.0,0.0,0.0,0.0,0.0,0.0,3.9166666666666665,9.666666666666666,0.16666666666666666,0.08333333333333333,0.08333333333333333,0.9166666666666666,-1.1505833333333333,0.0,0.08333333333333333,0.3333333333333333,0.5,0.0,0.0,0.0,0.5,0.4166666666666667,0.0,-1.14075,0.0,0.5,0.0021666666666666666,0.017083333333333332,0.0,1.8499999999999999,1.9333333333333333,0.0008333333333333334,0.0013333333333333333,8.333333333333333e-05,0.00016666666666666666,0.00125,-1.1505833333333333
113,Chase Brown,0,0,0.0,0,0.0,0.0,0.0,0,0,0.0,0.0,0.0,0.0,0,0.0,0.0,33,136.0,0,1.0,0.0,4.0,-6.003,0,13,13,146.0,1,0.0,0.0,-36.0,182.0,4.0,7.021,0,-8.081,0.398,-0.223,0.441,0.0,34.2,47.2,9,0.039,-0.018,0.131,0.044,0.062,0.071,0.034,0.038,0.067,0.064,0.438,0.058,-6.003,0.0,0.0,0.0,0.0,0.0,0.0,0.0,0.0,0.0,0.0,0.0,0.0,0.0,0.0,0.0,0.0,3.6666666666666665,15.11111111111111,0.0,0.1111111111111111,0.0,0.4444444444444444,-0.667,0.0,1.4444444444444444,1.4444444444444444,16.22222222222222,0.1111111111111111,0.0,0.0,-4.0,20.22222222222222,0.4444444444444444,0.7801111111111111,0.0,-0.8978888888888888,-0.024777777777777777,0.049,0.0,3.8000000000000003,5.2444444444444445,0.004333333333333333,0.004888888888888889,0.0074444444444444445,0.0071111111111111115,0.048666666666666664,-0.667
114,Chris Rodriguez,0,0,0.0,0,0.0,0.0,0.0,0,0,0.0,0.0,0.0,0.0,0,0.0,0.0,51,247.0,2,1.0,1.0,14.0,-3.484,0,2,2,12.0,0,0.0,0.0,-7.0,19.0,1.0,0.454,0,-4.5,0.055,-0.033,0.06,0.0,35.9,37.9,8,0.007,-0.003,0.024,0.008,0.007,0.0,0.013,0.012,0.004,0.006,0.043,0.063,-3.484,0.0,0.0,0.0,0.0,0.0,0.0,0.0,0.0,0.0,0.0,0.0,0.0,0.0,0.0,0.0,0.0,6.375,30.875,0.25,0.125,0.125,1.75,-0.4355,0.0,0.25,0.25,1.5,0.0,0.0,0.0,-0.875,2.375,0.125,0.05675,0.0,-0.5625,-0.004125,0.0075,0.0,4.4875,4.7375,0.000875,0.001,0.0005,0.00075,0.005375,-0.4355
115,Deuce Vaughn,0,0,0.0,0,0.0,0.0,0.0,0,0,0.0,0.0,0.0,0.0,0,0.0,0.0,23,40.0,0,0.0,0.0,1.0,-12.909,0,7,7,40.0,0,0.0,0.0,-6.0,46.0,1.0,0.745,0,10.25,0.197,-0.017,0.284,0.0,8.0,15.0,6,0.034,-0.003,0.063,0.048,0.024,0.0,0.013,0.012,0.012,0.019,0.193,0.026,-12.909,0.0,0.0,0.0,0.0,0.0,0.0,0.0,0.0,0.0,0.0,0.0,0.0,0.0,0.0,0.0,0.0,3.8333333333333335,6.666666666666667,0.0,0.0,0.0,0.16666666666666666,-2.1515,0.0,1.1666666666666667,1.1666666666666667,6.666666666666667,0.0,0.0,0.0,-1.0,7.666666666666667,0.16666666666666666,0.12416666666666666,0.0,1.7083333333333333,-0.0028333333333333335,0.04733333333333333,0.0,1.3333333333333333,2.5,0.005666666666666667,0.008,0.002,0.0031666666666666666,0.03216666666666667,-2.1515
116,Christopher Brooks,0,0,0.0,0,0.0,0.0,0.0,0,0,0.0,0.0,0.0,0.0,0,0.0,0.0,19,106.0,0,0.0,0.0,2.0,-3.448,0,0,0,0.0,0,0.0,0.0,0.0,0.0,0.0,0.0,0,0.0,0.0,0.0,0.0,0.0,10.6,10.6,3,0.0,0.0,0.0,0.0,0.0,0.0,0.0,0.0,0.0,0.0,0.0,0.027,-3.448,0.0,0.0,0.0,0.0,0.0,0.0,0.0,0.0,0.0,0.0,0.0,0.0,0.0,0.0,0.0,0.0,6.333333333333333,35.333333333333336,0.0,0.0,0.0,0.6666666666666666,-1.1493333333333333,0.0,0.0,0.0,0.0,0.0,0.0,0.0,0.0,0.0,0.0,0.0,0.0,0.0,0.0,0.0,0.0,3.533333333333333,3.533333333333333,0.0,0.0,0.0,0.0,0.0,-1.1493333333333333
117,Emari Demercado,0,0,0.0,0,0.0,0.0,0.0,0,0,0.0,0.0,0.0,0.0,0,0.0,0.0,58,284.0,2,0.0,0.0,12.0,-5.297,0,21,30,119.0,0,0.0,0.0,27.0,109.0,4.0,-14.947,0,49.925,0.864,0.115,1.377,0.0,52.3,73.3,11,0.077,0.009,0.099,0.123,0.05,0.0,0.033,0.029,0.025,0.04,0.305,0.077,-5.297,0.0,0.0,0.0,0.0,0.0,0.0,0.0,0.0,0.0,0.0,0.0,0.0,0.0,0.0,0.0,0.0,5.2727272727272725,25.818181818181817,0.18181818181818182,0.0,0.0,1.0909090909090908,-0.4815454545454545,0.0,1.9090909090909092,2.727272727272727,10.818181818181818,0.0,0.0,0.0,2.4545454545454546,9.909090909090908,0.36363636363636365,-1.3588181818181817,0.0,4.538636363636363,0.010454545454545454,0.12518181818181817,0.0,4.754545454545454,6.663636363636363,0.007,0.011181818181818182,0.002272727272727273,0.0036363636363636364,0.027727272727272725,-0.4815454545454545
118,Hunter Luepke,0,0,0.0,0,0.0,0.0,0.0,0,0,0.0,0.0,0.0,0.0,0,0.0,0.0,6,19.0,1,0.0,0.0,5.0,4.696,0,3,4,18.0,0,0.0,0.0,-2.0,16.0,1.0,-1.238,0,13.0,0.11,0.005,0.169,0.0,9.7,12.7,6,0.018,-0.001,0.024,0.026,0.011,0.0,0.013,0.011,0.006,0.009,0.082,0.023,4.696,0.0,0.0,0.0,0.0,0.0,0.0,0.0,0.0,0.0,0.0,0.0,0.0,0.0,0.0,0.0,0.0,1.0,3.1666666666666665,0.16666666666666666,0.0,0.0,0.8333333333333334,0.7826666666666666,0.0,0.5,0.6666666666666666,3.0,0.0,0.0,0.0,-0.3333333333333333,2.6666666666666665,0.16666666666666666,-0.20633333333333334,0.0,2.1666666666666665,0.0008333333333333334,0.02816666666666667,0.0,1.6166666666666665,2.1166666666666667,0.0029999999999999996,0.004333333333333333,0.001,0.0014999999999999998,0.013666666666666667,0.7826666666666666
119,Jaleel McLaughlin,0,0,0.0,0,0.0,0.0,0.0,0,0,0.0,0.0,0.0,0.0,0,0.0,0.0,72,404.0,1,0.0,0.0,16.0,8.281,0,31,36,160.0,2,0.0,0.0,-140.0,290.0,5.0,1.971,0,-18.296,1.292,-0.845,1.347,0.0,74.4,105.4,16,0.075,-0.041,0.152,0.08,0.049,0.074,0.035,0.041,0.061,0.054,0.334,0.085,8.281,0.0,0.0,0.0,0.0,0.0,0.0,0.0,0.0,0.0,0.0,0.0,0.0,0.0,0.0,0.0,0.0,4.5,25.25,0.0625,0.0,0.0,1.0,0.5175625,0.0,1.9375,2.25,10.0,0.125,0.0,0.0,-8.75,18.125,0.3125,0.1231875,0.0,-1.1435,-0.0528125,0.0841875,0.0,4.65,6.5875,0.0046875,0.005,0.0038125,0.003375,0.020875,0.5175625
120,Emanuel Wilson,0,0,0.0,0,0.0,0.0,0.0,0,0,0.0,0.0,0.0,0.0,0,0.0,0.0,14,85.0,0,0.0,0.0,2.0,0.565,0,4,5,23.0,0,0.0,0.0,-4.0,30.0,1.0,0.851,0,9.357,0.138,-0.022,0.192,0.0,10.8,14.8,5,0.03,-0.003,0.053,0.043,0.02,0.0,0.016,0.014,0.01,0.016,0.138,0.034,0.565,0.0,0.0,0.0,0.0,0.0,0.0,0.0,0.0,0.0,0.0,0.0,0.0,0.0,0.0,0.0,0.0,2.8,17.0,0.0,0.0,0.0,0.4,0.11299999999999999,0.0,0.8,1.0,4.6,0.0,0.0,0.0,-0.8,6.0,0.2,0.1702,0.0,1.8714,-0.004399999999999999,0.038400000000000004,0.0,2.16,2.96,0.006,0.0086,0.002,0.0032,0.027600000000000003,0.11299999999999999
121,Sean Tucker,0,0,0.0,0,0.0,0.0,0.0,0,0,0.0,0.0,0.0,0.0,0,0.0,0.0,15,23.0,0,0.0,0.0,1.0,-6.209,0,2,2,9.0,0,0.0,0.0,-3.0,12.0,0.0,-0.172,0,-3.0,0.062,-0.012,0.085,0.0,3.2,5.2,3,0.022,-0.004,0.042,0.029,0.014,0.0,0.0,0.0,0.007,0.011,0.097,0.024,-6.209,0.0,0.0,0.0,0.0,0.0,0.0,0.0,0.0,0.0,0.0,0.0,0.0,0.0,0.0,0.0,0.0,5.0,7.666666666666667,0.0,0.0,0.0,0.3333333333333333,-2.0696666666666665,0.0,0.6666666666666666,0.6666666666666666,3.0,0.0,0.0,0.0,-1.0,4.0,0.0,-0.057333333333333326,0.0,-1.0,-0.004,0.028333333333333335,0.0,1.0666666666666667,1.7333333333333334,0.007333333333333333,0.009666666666666667,0.0023333333333333335,0.0036666666666666666,0.03233333333333333,-2.0696666666666665
122,Roschon Johnson,0,0,0.0,0,0.0,0.0,0.0,0,0,0.0,0.0,0.0,0.0,0,0.0,0.0,76,332.0,2,1.0,0.0,16.0,-5.671,0,34,40,209.0,0,0.0,0.0,-33.0,247.0,6.0,-6.066,0,-39.851,1.289,-0.16,1.822,0.0,66.1,100.1,14,0.09,-0.01,0.166,0.127,0.07,0.0,0.042,0.037,0.035,0.056,0.471,0.091,-5.671,0.0,0.0,0.0,0.0,0.0,0.0,0.0,0.0,0.0,0.0,0.0,0.0,0.0,0.0,0.0,0.0,5.428571428571429,23.714285714285715,0.14285714285714285,0.07142857142857142,0.0,1.1428571428571428,-0.4050714285714286,0.0,2.4285714285714284,2.857142857142857,14.928571428571429,0.0,0.0,0.0,-2.357142857142857,17.642857142857142,0.42857142857142855,-0.4332857142857143,0.0,-2.8465,-0.011428571428571429,0.13014285714285714,0.0,4.721428571428571,7.1499999999999995,0.0064285714285714285,0.009071428571428572,0.0025,0.004,0.03364285714285714,-0.4050714285714286
123,Tyjae Spears,0,0,0.0,0,0.0,0.0,0.0,0,0,0.0,0.0,0.0,0.0,0,0.0,0.0,97,428.0,1,0.0,0.0,22.0,-3.59,0,49,67,344.0,0,1.0,0.0,-4.0,411.0,15.0,-5.199,0,25.853,2.318,-0.036,3.451,0.0,83.2,132.2,16,0.143,-0.001,0.279,0.214,0.103,0.0,0.101,0.094,0.051,0.082,0.737,0.12,-3.59,0.0,0.0,0.0,0.0,0.0,0.0,0.0,0.0,0.0,0.0,0.0,0.0,0.0,0.0,0.0,0.0,6.0625,26.75,0.0625,0.0,0.0,1.375,-0.224375,0.0,3.0625,4.1875,21.5,0.0,0.0625,0.0,-0.25,25.6875,0.9375,-0.3249375,0.0,1.6158125,-0.00225,0.2156875,0.0,5.2,8.2625,0.0089375,0.013375,0.0031875,0.005125,0.0460625,-0.224375
124,Devon Achane,0,0,0.0,0,0.0,0.0,0.0,0,0,0.0,0.0,0.0,0.0,0,0.0,0.0,93,744.0,7,1.0,1.0,27.0,31.521,0,26,36,192.0,3,0.0,0.0,31.0,252.0,10.0,1.425,0,-7.772,1.158,-0.004,1.735,0.0,151.6,177.6,10,0.112,0.014,0.168,0.179,0.068,0.176,0.079,0.091,0.122,0.09,0.598,0.171,31.521,0.0,0.0,0.0,0.0,0.0,0.0,0.0,0.0,0.0,0.0,0.0,0.0,0.0,0.0,0.0,0.0,9.3,74.4,0.7,0.1,0.1,2.7,3.1521,0.0,2.6,3.6,19.2,0.3,0.0,0.0,3.1,25.2,1.0,0.14250000000000002,0.0,-0.7772,-0.0004,0.17350000000000002,0.0,15.16,17.759999999999998,0.0112,0.0179,0.012199999999999999,0.009,0.0598,3.1521
125,Zach Evans,0,0,0.0,0,0.0,0.0,0.0,0,0,0.0,0.0,0.0,0.0,0,0.0,0.0,8,16.0,0,0.0,0.0,0.0,-5.044,0,0,0,0.0,0,0.0,0.0,0.0,0.0,0.0,0.0,0,0.0,0.0,0.0,0.0,0.0,1.6,1.6,3,0.0,0.0,0.0,0.0,0.0,0.0,0.0,0.0,0.0,0.0,0.0,0.006,-5.044,0.0,0.0,0.0,0.0,0.0,0.0,0.0,0.0,0.0,0.0,0.0,0.0,0.0,0.0,0.0,0.0,2.6666666666666665,5.333333333333333,0.0,0.0,0.0,0.0,-1.6813333333333331,0.0,0.0,0.0,0.0,0.0,0.0,0.0,0.0,0.0,0.0,0.0,0.0,0.0,0.0,0.0,0.0,0.5333333333333333,0.5333333333333333,0.0,0.0,0.0,0.0,0.0,-1.6813333333333331
126,Jahmyr Gibbs,0,0,0.0,0,0.0,0.0,0.0,0,0,0.0,0.0,0.0,0.0,0,0.0,0.0,169,915.0,9,2.0,1.0,40.0,-3.206,0,52,70,316.0,1,0.0,0.0,4.0,314.0,20.0,-10.728,0,30.889,1.996,-0.116,2.912,0.0,181.1,233.1,14,0.139,0.001,0.186,0.21,0.085,0.043,0.106,0.1,0.064,0.077,0.629,0.168,-3.206,0.0,0.0,0.0,0.0,0.0,0.0,0.0,0.0,0.0,0.0,0.0,0.0,0.0,0.0,0.0,0.0,12.071428571428571,65.35714285714286,0.6428571428571429,0.14285714285714285,0.07142857142857142,2.857142857142857,-0.229,0.0,3.7142857142857144,5.0,22.571428571428573,0.07142857142857142,0.0,0.0,0.2857142857142857,22.428571428571427,1.4285714285714286,-0.7662857142857142,0.0,2.2063571428571427,-0.008285714285714287,0.208,0.0,12.935714285714285,16.65,0.009928571428571429,0.015,0.004571428571428572,0.0055,0.04492857142857143,-0.229
127,Zach Charbonnet,0,0,0.0,0,0.0,0.0,0.0,0,0,0.0,0.0,0.0,0.0,0,0.0,0.0,103,430.0,1,0.0,0.0,30.0,-8.309,0,31,38,181.0,0,0.0,0.0,-46.0,225.0,5.0,-6.434,0,-23.779,1.124,-0.207,1.542,0.0,67.1,98.1,15,0.073,-0.012,0.119,0.099,0.048,0.0,0.029,0.026,0.024,0.039,0.346,0.08,-8.309,0.0,0.0,0.0,0.0,0.0,0.0,0.0,0.0,0.0,0.0,0.0,0.0,0.0,0.0,0.0,0.0,6.866666666666666,28.666666666666668,0.06666666666666667,0.0,0.0,2.0,-0.5539333333333333,0.0,2.066666666666667,2.533333333333333,12.066666666666666,0.0,0.0,0.0,-3.066666666666667,15.0,0.3333333333333333,-0.42893333333333333,0.0,-1.5852666666666666,-0.0138,0.1028,0.0,4.473333333333333,6.54,0.004866666666666667,0.0066,0.0016,0.0026,0.023066666666666666,-0.5539333333333333
