,name,season,season_type,completions,attempts,passing_yards,passing_tds,interceptions,sacks,sack_yards,sack_fumbles,sack_fumbles_lost,passing_air_yards,passing_yards_after_catch,passing_first_downs,passing_epa,passing_2pt_conversions,pacr,dakota,carries,rushing_yards,rushing_tds,rushing_fumbles,rushing_fumbles_lost,rushing_first_downs,rushing_epa,rushing_2pt_conversions,receptions,targets,receiving_yards,receiving_tds,receiving_fumbles,receiving_fumbles_lost,receiving_air_yards,receiving_yards_after_catch,receiving_first_downs,receiving_epa,receiving_2pt_conversions,racr,target_share,air_yards_share,wopr_x,special_teams_tds,fantasy_points,fantasy_points_ppr,games,tgt_sh,ay_sh,yac_sh,wopr_y,ry_sh,rtd_sh,rfd_sh,rtdfd_sh,dom,w8dom,yptmpa,ppr_sh,total_epa,completions per game,attempts per game,passing_yards per game,passing_tds per game,interceptions per game,sacks per game,sack_yards per game,sack_fumbles per game,sack_fumbles_lost per game,passing_air_yards per game,passing_yards_after_catch per game,passing_first_downs per game,passing_epa per game,passing_2pt_conversions per game,pacr per game,dakota per game,carries per game,rushing_yards per game,rushing_tds per game,rushing_fumbles per game,rushing_fumbles_lost per game,rushing_first_downs per game,rushing_epa per game,rushing_2pt_conversions per game,receptions per game,targets per game,receiving_yards per game,receiving_tds per game,receiving_fumbles per game,receiving_fumbles_lost per game,receiving_air_yards per game,receiving_yards_after_catch per game,receiving_first_downs per game,receiving_epa per game,receiving_2pt_conversions per game,racr per game,air_yards_share per game,wopr_x per game,special_teams_tds per game,fantasy_points per game,fantasy_points_ppr per game,tgt_sh per game,wopr_y per game,dom per game,w8dom per game,yptmpa per game,total_epa per game
0,Matthew Stafford,2023,REG,183,309,2260.0,9,8.0,20.0,150.0,0,0,2516.0,966.0,105.0,6.150769729576956,1,8.521462025932237,0.3323360864737671,15,69.0,0,0.0,0.0,4.0,7.697291930497158,0,0,0,0.0,0,0.0,0.0,0.0,0.0,0.0,0.0,1,0.0,0.0,0.0,0.0,0.0,121.3,121.3,9,0.0,0.0,0.0,0.0,0.0,0.0,0.0,0.0,0.0,0.0,0.0,0.16214843332263928,13.848061660074114,20.333333333333332,34.333333333333336,251.11111111111111,1.0,0.8888888888888888,2.2222222222222223,16.666666666666668,0.0,0.0,279.55555555555554,107.33333333333333,11.666666666666666,0.6834188588418839,0.1111111111111111,0.9468291139924708,0.03692623183041857,1.6666666666666667,7.666666666666667,0.0,0.0,0.0,0.4444444444444444,0.8552546589441287,0.0,0.0,0.0,0.0,0.0,0.0,0.0,0.0,0.0,0.0,0.0,0.1111111111111111,0.0,0.0,0.0,0.0,13.477777777777778,13.477777777777778,0.0,0.0,0.0,0.0,0.0,1.5386735177860127
1,Brian Hoyer,2023,REG,23,42,231.0,0,2.0,1.0,8.0,0,0,344.0,80.0,14.0,-8.780772753364403,0,1.425892857142857,0.1840162964022598,3,-3.0,0,0.0,0.0,0.0,-1.8153455403517,0,0,0,0.0,0,0.0,0.0,0.0,0.0,0.0,0.0,0,0.0,0.0,0.0,0.0,0.0,4.94,4.94,2,0.0,0.0,0.0,0.0,0.0,0.0,0.0,0.0,0.0,0.0,0.0,0.03610583248063149,-10.596118293716103,11.5,21.0,115.5,0.0,1.0,0.5,4.0,0.0,0.0,172.0,40.0,7.0,-4.390386376682201,0.0,0.7129464285714285,0.0920081482011299,1.5,-1.5,0.0,0.0,0.0,0.0,-0.90767277017585,0.0,0.0,0.0,0.0,0.0,0.0,0.0,0.0,0.0,0.0,0.0,0.0,0.0,0.0,0.0,0.0,2.47,2.47,0.0,0.0,0.0,0.0,0.0,-5.298059146858051
2,Andy Dalton,2023,REG,34,58,361.0,2,0.0,3.0,27.0,0,0,477.0,128.0,17.0,4.548329591227218,0,0.7568134171907757,0.06331220456200536,3,12.0,0,0.0,0.0,2.0,1.4284599639941007,0,0,0,0.0,0,0.0,0.0,0.0,0.0,0.0,0.0,0,0.0,0.0,0.0,0.0,0.0,23.64,23.64,2,0.0,0.0,0.0,0.0,0.0,0.0,0.0,0.0,0.0,0.0,0.0,0.11342481527684482,5.976789555221319,17.0,29.0,180.5,1.0,0.0,1.5,13.5,0.0,0.0,238.5,64.0,8.5,2.274164795613609,0.0,0.37840670859538783,0.03165610228100268,1.5,6.0,0.0,0.0,0.0,1.0,0.7142299819970503,0.0,0.0,0.0,0.0,0.0,0.0,0.0,0.0,0.0,0.0,0.0,0.0,0.0,0.0,0.0,0.0,11.82,11.82,0.0,0.0,0.0,0.0,0.0,2.9883947776106594
3,Tyrod Taylor,2023,REG,57,87,579.0,2,0.0,10.0,54.0,2,0,670.0,247.0,25.0,-6.3044510556433835,0,3.135816949024496,0.4506306986276533,22,98.0,0,0.0,0.0,5.0,0.14340130425989628,0,0,0,0.0,0,0.0,0.0,0.0,0.0,0.0,0.0,0,0.0,0.0,0.0,0.0,0.0,40.96,40.96,6,0.0,0.0,0.0,0.0,0.0,0.0,0.0,0.0,0.0,0.0,0.0,0.12426430435046418,-6.161049751383487,9.5,14.5,96.5,0.3333333333333333,0.0,1.6666666666666667,9.0,0.3333333333333333,0.0,111.66666666666667,41.166666666666664,4.166666666666667,-1.0507418426072306,0.0,0.5226361581707494,0.07510511643794222,3.6666666666666665,16.333333333333332,0.0,0.0,0.0,0.8333333333333334,0.02390021737664938,0.0,0.0,0.0,0.0,0.0,0.0,0.0,0.0,0.0,0.0,0.0,0.0,0.0,0.0,0.0,0.0,6.826666666666667,6.826666666666667,0.0,0.0,0.0,0.0,0.0,-1.0268416252305812
4,Russell Wilson,2023,REG,205,297,2065.0,19,4.0,32.0,155.0,4,3,2009.0,1107.0,94.0,-0.0869560080794376,0,11.020327745557413,1.3089660621688584,42,232.0,0,1.0,0.0,22.0,15.796265627472435,0,0,0,0.0,0,0.0,0.0,0.0,0.0,0.0,0.0,0,0.0,0.0,0.0,0.0,0.0,167.8,167.8,10,0.0,0.0,0.0,0.0,0.0,0.0,0.0,0.0,0.0,0.0,0.0,0.2134045529696045,15.709309619392997,20.5,29.7,206.5,1.9,0.4,3.2,15.5,0.4,0.3,200.9,110.7,9.4,-0.00869560080794376,0.0,1.1020327745557412,0.13089660621688584,4.2,23.2,0.0,0.1,0.0,2.2,1.5796265627472434,0.0,0.0,0.0,0.0,0.0,0.0,0.0,0.0,0.0,0.0,0.0,0.0,0.0,0.0,0.0,0.0,16.78,16.78,0.0,0.0,0.0,0.0,0.0,1.5709309619392997
5,Kirk Cousins,2023,REG,216,311,2331.0,18,5.0,17.0,110.0,4,3,2252.0,996.0,112.0,37.10304547110406,0,8.48299432724033,1.0611103338147516,14,25.0,0,2.0,1.0,6.0,1.6873686246108264,0,0,0,0.0,0,0.0,0.0,0.0,0.0,0.0,0.0,0,0.0,0.0,0.0,0.0,0.0,149.74,149.74,8,0.0,0.0,0.0,0.0,0.0,0.0,0.0,0.0,0.0,0.0,0.0,0.19518744460086554,38.79041409571489,27.0,38.875,291.375,2.25,0.625,2.125,13.75,0.5,0.375,281.5,124.5,14.0,4.637880683888008,0.0,1.0603742909050413,0.13263879172684395,1.75,3.125,0.0,0.25,0.125,0.75,0.2109210780763533,0.0,0.0,0.0,0.0,0.0,0.0,0.0,0.0,0.0,0.0,0.0,0.0,0.0,0.0,0.0,0.0,18.7175,18.7175,0.0,0.0,0.0,0.0,0.0,4.848801761964361
6,Ryan Tannehill,2023,REG,98,158,1128.0,2,6.0,19.0,135.0,1,0,1471.0,480.0,49.0,-18.624607622897678,0,4.599202716932115,0.5071118308767872,12,40.0,1,1.0,0.0,2.0,-5.614132366288686,0,0,0,0.0,0,0.0,0.0,0.0,0.0,0.0,0.0,0,0.0,0.0,0.0,0.0,0.0,51.120000000000005,51.120000000000005,6,0.0,0.0,0.0,0.0,0.0,0.0,0.0,0.0,0.0,0.0,0.0,0.13251762754043966,-24.238739989186364,16.333333333333332,26.333333333333332,188.0,0.3333333333333333,1.0,3.1666666666666665,22.5,0.16666666666666666,0.0,245.16666666666666,80.0,8.166666666666666,-3.1041012704829463,0.0,0.7665337861553524,0.08451863847946454,2.0,6.666666666666667,0.16666666666666666,0.16666666666666666,0.0,0.3333333333333333,-0.9356887277147811,0.0,0.0,0.0,0.0,0.0,0.0,0.0,0.0,0.0,0.0,0.0,0.0,0.0,0.0,0.0,0.0,8.520000000000001,8.520000000000001,0.0,0.0,0.0,0.0,0.0,-4.039789998197727
7,Geno Smith,2023,REG,218,334,2404.0,12,7.0,21.0,162.0,2,1,2351.0,1143.0,112.0,8.877152881444497,1,10.386536516589922,0.9007999607352337,24,65.0,0,1.0,1.0,4.0,-8.330914645513985,0,1,1,-2.0,0,0.0,0.0,-8.0,6.0,0.0,-1.4415200678631663,0,0.0,0.038461538461538464,-0.0625,0.013942307692307698,0.0,134.46,135.46,10,0.002890173410404624,-0.00321285140562249,0.005008347245409015,0.0017649789911089436,-0.0008097165991902834,0.0,0.0,0.0,-0.0004048582995951417,-0.0006477732793522267,-0.005780346820809248,0.16715202369200396,0.5462382359305114,21.8,33.4,240.4,1.2,0.7,2.1,16.2,0.2,0.1,235.1,114.3,11.2,0.8877152881444497,0.1,1.0386536516589921,0.09007999607352338,2.4,6.5,0.0,0.1,0.1,0.4,-0.8330914645513985,0.0,0.1,0.1,-0.2,0.0,0.0,0.0,-0.8,0.6,0.0,-0.14415200678631662,0.0,0.0,-0.00625,0.0013942307692307698,0.0,13.446000000000002,13.546000000000001,0.0002890173410404624,0.00017649789911089437,-4.048582995951417e-05,-6.477732793522267e-05,-0.0005780346820809248,0.05462382359305114
8,Derek Carr,2023,REG,220,334,2231.0,10,4.0,21.0,136.0,4,2,2730.0,1048.0,102.0,-5.460034580728269,1,8.761214493229538,0.8181783655242144,19,33.0,0,0.0,0.0,3.0,-14.787394006096989,0,0,0,0.0,0,0.0,0.0,0.0,0.0,0.0,0.0,0,0.0,0.0,0.0,0.0,0.0,122.53999999999999,122.53999999999999,10,0.0,0.0,0.0,0.0,0.0,0.0,0.0,0.0,0.0,0.0,0.0,0.14123369139274353,-20.247428586825258,22.0,33.4,223.1,1.0,0.4,2.1,13.6,0.4,0.2,273.0,104.8,10.2,-0.5460034580728269,0.1,0.8761214493229538,0.08181783655242145,1.9,3.3,0.0,0.0,0.0,0.3,-1.4787394006096988,0.0,0.0,0.0,0.0,0.0,0.0,0.0,0.0,0.0,0.0,0.0,0.0,0.0,0.0,0.0,0.0,12.254,12.254,0.0,0.0,0.0,0.0,0.0,-2.024742858682526
9,Jimmy Garoppolo,2023,REG,110,168,1205.0,7,9.0,13.0,101.0,0,0,1354.0,468.0,60.0,-17.026532385594486,1,5.848699342114885,0.4281019083343922,20,39.0,0,1.0,0.0,6.0,-2.7111202365194913,0,0,0,0.0,0,0.0,0.0,0.0,0.0,0.0,0.0,0,0.0,0.0,0.0,0.0,0.0,64.1,64.1,6,0.0,0.0,0.0,0.0,0.0,0.0,0.0,0.0,0.0,0.0,0.0,0.15654000195369736,-19.737652622113977,18.333333333333332,28.0,200.83333333333334,1.1666666666666667,1.5,2.1666666666666665,16.833333333333332,0.0,0.0,225.66666666666666,78.0,10.0,-2.837755397599081,0.16666666666666666,0.9747832236858142,0.07135031805573204,3.3333333333333335,6.5,0.0,0.16666666666666666,0.0,1.0,-0.45185337275324855,0.0,0.0,0.0,0.0,0.0,0.0,0.0,0.0,0.0,0.0,0.0,0.0,0.0,0.0,0.0,0.0,10.683333333333332,10.683333333333332,0.0,0.0,0.0,0.0,0.0,-3.2896087703523293
10,Jameis Winston,2023,REG,23,42,223.0,2,3.0,2.0,13.0,0,0,565.0,61.0,8.0,-9.902257137595186,0,1.0117972021741066,-0.010837914841800904,3,-4.0,0,0.0,0.0,0.0,-4.470470019150525,0,0,0,0.0,0,0.0,0.0,0.0,0.0,0.0,0.0,0,0.0,0.0,0.0,0.0,0.0,10.52,10.52,4,0.0,0.0,0.0,0.0,0.0,0.0,0.0,0.0,0.0,0.0,0.0,0.03652016940915087,-14.37272715674571,5.75,10.5,55.75,0.5,0.75,0.5,3.25,0.0,0.0,141.25,15.25,2.0,-2.4755642843987964,0.0,0.25294930054352666,-0.002709478710450226,0.75,-1.0,0.0,0.0,0.0,0.0,-1.1176175047876313,0.0,0.0,0.0,0.0,0.0,0.0,0.0,0.0,0.0,0.0,0.0,0.0,0.0,0.0,0.0,0.0,2.63,2.63,0.0,0.0,0.0,0.0,0.0,-3.5931817891864277
11,Taylor Heinicke,2023,REG,41,74,498.0,3,1.0,5.0,40.0,0,0,677.0,269.0,23.0,-2.9709494247666832,0,2.2065205333101816,0.12471659624825432,9,68.0,0,0.0,0.0,2.0,5.140819987311261,0,0,0,0.0,0,0.0,0.0,0.0,0.0,0.0,0.0,0,0.0,0.0,0.0,0.0,0.0,36.72,36.72,3,0.0,0.0,0.0,0.0,0.0,0.0,0.0,0.0,0.0,0.0,0.0,0.1599860578598815,2.1698705625445776,13.666666666666666,24.666666666666668,166.0,1.0,0.3333333333333333,1.6666666666666667,13.333333333333334,0.0,0.0,225.66666666666666,89.66666666666667,7.666666666666667,-0.9903164749222277,0.0,0.7355068444367272,0.04157219874941811,3.0,22.666666666666668,0.0,0.0,0.0,0.6666666666666666,1.713606662437087,0.0,0.0,0.0,0.0,0.0,0.0,0.0,0.0,0.0,0.0,0.0,0.0,0.0,0.0,0.0,0.0,12.24,12.24,0.0,0.0,0.0,0.0,0.0,0.7232901875148592
12,Dak Prescott,2023,REG,237,338,2604.0,19,6.0,22.0,155.0,0,0,2590.0,1137.0,127.0,57.39926053363209,0,10.403379555337843,1.615429043243143,33,141.0,2,0.0,0.0,14.0,15.505762139102444,0,0,0,0.0,0,0.0,0.0,0.0,0.0,0.0,0.0,0,0.0,0.0,0.0,0.0,0.0,194.26000000000002,194.26000000000002,10,0.0,0.0,0.0,0.0,0.0,0.0,0.0,0.0,0.0,0.0,0.0,0.1967548515172386,72.90502267273453,23.7,33.8,260.4,1.9,0.6,2.2,15.5,0.0,0.0,259.0,113.7,12.7,5.739926053363209,0.0,1.0403379555337842,0.1615429043243143,3.3,14.1,0.2,0.0,0.0,1.4,1.5505762139102444,0.0,0.0,0.0,0.0,0.0,0.0,0.0,0.0,0.0,0.0,0.0,0.0,0.0,0.0,0.0,0.0,19.426000000000002,19.426000000000002,0.0,0.0,0.0,0.0,0.0,7.290502267273453
13,Jared Goff,2023,REG,246,361,2743.0,16,8.0,17.0,105.0,2,0,2411.0,1260.0,134.0,46.27470491967339,1,11.774488299333004,1.3090264330540862,23,14.0,2,0.0,0.0,4.0,-11.58446089310402,0,0,0,0.0,0,0.0,0.0,0.0,0.0,0.0,0.0,0,0.0,0.0,0.0,0.0,0.0,173.12,173.12,10,0.0,0.0,0.0,0.0,0.0,0.0,0.0,0.0,0.0,0.0,0.0,0.17301273210609422,34.690244026569374,24.6,36.1,274.3,1.6,0.8,1.7,10.5,0.2,0.0,241.1,126.0,13.4,4.627470491967339,0.1,1.1774488299333004,0.13090264330540863,2.3,1.4,0.2,0.0,0.0,0.4,-1.1584460893104018,0.0,0.0,0.0,0.0,0.0,0.0,0.0,0.0,0.0,0.0,0.0,0.0,0.0,0.0,0.0,0.0,17.312,17.312,0.0,0.0,0.0,0.0,0.0,3.4690244026569372
14,P.J. Walker,2023,REG,48,98,618.0,1,5.0,7.0,62.0,1,1,808.0,372.0,25.0,-23.562246245984856,0,2.3922111240283987,-0.07747084443373398,12,31.0,0,1.0,0.0,3.0,-5.251562835693553,0,0,0,0.0,0,0.0,0.0,0.0,0.0,0.0,0.0,0,0.0,0.0,0.0,0.0,0.0,19.82,19.82,4,0.0,0.0,0.0,0.0,0.0,0.0,0.0,0.0,0.0,0.0,0.0,0.06727766463000678,-28.813809081678407,12.0,24.5,154.5,0.25,1.25,1.75,15.5,0.25,0.25,202.0,93.0,6.25,-5.890561561496214,0.0,0.5980527810070997,-0.019367711108433494,3.0,7.75,0.0,0.25,0.0,0.75,-1.3128907089233883,0.0,0.0,0.0,0.0,0.0,0.0,0.0,0.0,0.0,0.0,0.0,0.0,0.0,0.0,0.0,0.0,4.955,4.955,0.0,0.0,0.0,0.0,0.0,-7.203452270419602
15,Taysom Hill,2023,REG,5,6,72.0,1,0.0,1.0,3.0,0,0,69.0,8.0,3.0,3.749527665786445,0,6.122959183673469,0.0,50,261.0,3,0.0,0.0,19.0,13.757027279053636,0,22,29,159.0,1,0.0,0.0,140.0,70.0,5.0,2.127477777246747,0,21.120483005366726,0.7438395386348216,0.40996380755364786,1.4027339732397857,0.0,72.88000000000001,94.88000000000001,10,0.07591623036649214,0.041617122473246136,0.06266786034019696,0.14716804352833512,0.06294536817102138,0.07692307692307693,0.04424778761061947,0.047619047619047616,0.06993422254704915,0.0657409099214325,0.4162303664921466,0.109354109999539,17.506554944840083,0.5,0.6,7.2,0.1,0.0,0.1,0.3,0.0,0.0,6.9,0.8,0.3,0.3749527665786445,0.0,0.6122959183673469,0.0,5.0,26.1,0.3,0.0,0.0,1.9,1.3757027279053635,0.0,2.2,2.9,15.9,0.1,0.0,0.0,14.0,7.0,0.5,0.21274777772467468,0.0,2.1120483005366726,0.040996380755364784,0.14027339732397856,0.0,7.288000000000001,9.488000000000001,0.0075916230366492145,0.014716804352833512,0.006993422254704914,0.00657409099214325,0.04162303664921466,1.7506554944840083
16,Deshaun Watson,2023,REG,105,171,1115.0,7,4.0,17.0,85.0,3,1,1593.0,499.0,52.0,-18.950161800698037,0,3.897314904238916,0.3016312596927817,26,142.0,1,1.0,1.0,10.0,6.778375105540554,3,0,0,0.0,0,0.0,0.0,0.0,0.0,0.0,0.0,0,0.0,0.0,0.0,0.0,0.0,86.8,86.8,6,0.0,0.0,0.0,0.0,0.0,0.0,0.0,0.0,0.0,0.0,0.0,0.1731429027367749,-12.171786695157483,17.5,28.5,185.83333333333334,1.1666666666666667,0.6666666666666666,2.8333333333333335,14.166666666666666,0.5,0.16666666666666666,265.5,83.16666666666667,8.666666666666666,-3.1583603001163394,0.0,0.6495524840398194,0.05027187661546362,4.333333333333333,23.666666666666668,0.16666666666666666,0.16666666666666666,0.16666666666666666,1.6666666666666667,1.129729184256759,0.5,0.0,0.0,0.0,0.0,0.0,0.0,0.0,0.0,0.0,0.0,0.0,0.0,0.0,0.0,0.0,14.466666666666667,14.466666666666667,0.0,0.0,0.0,0.0,0.0,-2.0286311158595804
17,Cooper Rush,2023,REG,15,20,114.0,0,1.0,1.0,8.0,0,0,189.0,54.0,5.0,-6.146170205145609,0,10.332236842105264,0.13267692710045703,12,-5.0,0,0.0,0.0,1.0,-5.685892370471265,0,0,0,0.0,0,0.0,0.0,0.0,0.0,0.0,0.0,0,0.0,0.0,0.0,0.0,0.0,2.06,2.06,6,0.0,0.0,0.0,0.0,0.0,0.0,0.0,0.0,0.0,0.0,0.0,0.0034475833444905612,-11.832062575616874,2.5,3.3333333333333335,19.0,0.0,0.16666666666666666,0.16666666666666666,1.3333333333333333,0.0,0.0,31.5,9.0,0.8333333333333334,-1.0243617008576014,0.0,1.7220394736842106,0.022112821183409504,2.0,-0.8333333333333334,0.0,0.0,0.0,0.16666666666666666,-0.9476487284118775,0.0,0.0,0.0,0.0,0.0,0.0,0.0,0.0,0.0,0.0,0.0,0.0,0.0,0.0,0.0,0.0,0.3433333333333333,0.3433333333333333,0.0,0.0,0.0,0.0,0.0,-1.972010429269479
18,Mitchell Trubisky,2023,REG,18,32,156.0,1,2.0,2.0,15.0,0,0,278.0,94.0,9.0,-8.76727187942015,0,1.1948571428571428,-0.07514093310578908,3,18.0,0,0.0,0.0,1.0,0.9863902537035756,0,0,0,0.0,0,0.0,0.0,0.0,0.0,0.0,0.0,0,0.0,0.0,0.0,0.0,0.0,8.04,8.04,2,0.0,0.0,0.0,0.0,0.0,0.0,0.0,0.0,0.0,0.0,0.0,0.07088696878857342,-7.7808816257165745,9.0,16.0,78.0,0.5,1.0,1.0,7.5,0.0,0.0,139.0,47.0,4.5,-4.383635939710075,0.0,0.5974285714285714,-0.03757046655289454,1.5,9.0,0.0,0.0,0.0,0.5,0.4931951268517878,0.0,0.0,0.0,0.0,0.0,0.0,0.0,0.0,0.0,0.0,0.0,0.0,0.0,0.0,0.0,0.0,4.02,4.02,0.0,0.0,0.0,0.0,0.0,-3.8904408128582872
19,Patrick Mahomes,2023,REG,253,377,2619.0,19,9.0,13.0,98.0,2,2,2615.0,1484.0,128.0,49.67593089610718,0,10.787500332034195,1.3411707174917717,48,296.0,0,2.0,0.0,19.0,12.344031576942573,0,0,0,0.0,0,0.0,0.0,0.0,0.0,0.0,0.0,0,0.0,0.0,0.0,0.0,0.0,188.36,188.36,10,0.0,0.0,0.0,0.0,0.0,0.0,0.0,0.0,0.0,0.0,0.0,0.2053641517662451,62.01996247304976,25.3,37.7,261.9,1.9,0.9,1.3,9.8,0.2,0.2,261.5,148.4,12.8,4.967593089610718,0.0,1.0787500332034194,0.13411707174917717,4.8,29.6,0.0,0.2,0.0,1.9,1.2344031576942573,0.0,0.0,0.0,0.0,0.0,0.0,0.0,0.0,0.0,0.0,0.0,0.0,0.0,0.0,0.0,0.0,18.836000000000002,18.836000000000002,0.0,0.0,0.0,0.0,0.0,6.201996247304976
20,C.J. Beathard,2023,REG,3,4,14.0,0,0.0,0.0,0.0,0,0,18.0,2.0,1.0,-0.6710236326325685,0,1.7402597402597404,0.0,3,-2.0,0,0.0,0.0,0.0,-1.068968479288742,0,0,0,0.0,0,0.0,0.0,0.0,0.0,0.0,0.0,0,0.0,0.0,0.0,0.0,0.0,0.36,0.36,3,0.0,0.0,0.0,0.0,0.0,0.0,0.0,0.0,0.0,0.0,0.0,0.0016418863449785643,-1.7399921119213104,1.0,1.3333333333333333,4.666666666666667,0.0,0.0,0.0,0.0,0.0,0.0,6.0,0.6666666666666666,0.3333333333333333,-0.22367454421085617,0.0,0.5800865800865801,0.0,1.0,-0.6666666666666666,0.0,0.0,0.0,0.0,-0.35632282642958063,0.0,0.0,0.0,0.0,0.0,0.0,0.0,0.0,0.0,0.0,0.0,0.0,0.0,0.0,0.0,0.0,0.12,0.12,0.0,0.0,0.0,0.0,0.0,-0.5799973706404368
21,Joshua Dobbs,2023,REG,230,362,2216.0,12,6.0,23.0,154.0,7,5,2897.0,919.0,113.0,-43.159878810549486,1,8.922049407940335,0.8906116849461637,70,389.0,6,5.0,1.0,29.0,14.125418175273808,2,0,0,0.0,0,0.0,0.0,0.0,0.0,0.0,0.0,0,0.0,0.0,0.0,0.0,0.0,193.54000000000002,193.54000000000002,11,0.0,0.0,0.0,0.0,0.0,0.0,0.0,0.0,0.0,0.0,0.0,0.21980193522009725,-29.03446063527568,20.90909090909091,32.90909090909091,201.45454545454547,1.0909090909090908,0.5454545454545454,2.090909090909091,14.0,0.6363636363636364,0.45454545454545453,263.3636363636364,83.54545454545455,10.272727272727273,-3.9236253464135897,0.09090909090909091,0.8110954007218486,0.08096469863146943,6.363636363636363,35.36363636363637,0.5454545454545454,0.45454545454545453,0.09090909090909091,2.6363636363636362,1.2841289250248915,0.18181818181818182,0.0,0.0,0.0,0.0,0.0,0.0,0.0,0.0,0.0,0.0,0.0,0.0,0.0,0.0,0.0,17.594545454545457,17.594545454545457,0.0,0.0,0.0,0.0,0.0,-2.639496421388698
22,Mike White,2023,REG,2,3,67.0,1,1.0,0.0,0.0,0,0,35.0,32.0,1.0,-4.286713795969263,0,1.9142857142857144,0.0,4,-5.0,0,0.0,0.0,0.0,-3.9001254563045222,0,0,0,0.0,0,0.0,0.0,0.0,0.0,0.0,0.0,0,0.0,0.0,0.0,0.0,0.0,4.18,4.18,2,0.0,0.0,0.0,0.0,0.0,0.0,0.0,0.0,0.0,0.0,0.0,0.013375143990784589,-8.186839252273785,1.0,1.5,33.5,0.5,0.5,0.0,0.0,0.0,0.0,17.5,16.0,0.5,-2.1433568979846314,0.0,0.9571428571428572,0.0,2.0,-2.5,0.0,0.0,0.0,0.0,-1.9500627281522611,0.0,0.0,0.0,0.0,0.0,0.0,0.0,0.0,0.0,0.0,0.0,0.0,0.0,0.0,0.0,0.0,2.09,2.09,0.0,0.0,0.0,0.0,0.0,-4.0934196261368925
23,Kyle Allen,2023,REG,0,0,0.0,0,0.0,0.0,0.0,0,0,0.0,0.0,0.0,0.0,0,0.0,0.0,9,-9.0,0,0.0,0.0,0.0,-4.869754349929281,0,0,0,0.0,0,0.0,0.0,0.0,0.0,0.0,0.0,0,0.0,0.0,0.0,0.0,0.0,-0.9000000000000001,-0.9000000000000001,4,0.0,0.0,0.0,0.0,0.0,0.0,0.0,0.0,0.0,0.0,0.0,-0.002023927318521184,-4.869754349929281,0.0,0.0,0.0,0.0,0.0,0.0,0.0,0.0,0.0,0.0,0.0,0.0,0.0,0.0,0.0,0.0,2.25,-2.25,0.0,0.0,0.0,0.0,-1.2174385874823201,0.0,0.0,0.0,0.0,0.0,0.0,0.0,0.0,0.0,0.0,0.0,0.0,0.0,0.0,0.0,0.0,-0.22500000000000003,-0.22500000000000003,0.0,0.0,0.0,0.0,0.0,-1.2174385874823201
24,Lamar Jackson,2023,REG,210,302,2441.0,12,5.0,27.0,153.0,6,4,2530.0,1145.0,104.0,19.66597280004655,0,11.744079034457535,1.3886266242847507,101,535.0,5,4.0,2.0,35.0,6.218174357832633,0,0,0,0.0,0,0.0,0.0,0.0,0.0,0.0,0.0,0,0.0,0.0,0.0,0.0,0.0,207.14000000000001,207.14000000000001,11,0.0,0.0,0.0,0.0,0.0,0.0,0.0,0.0,0.0,0.0,0.0,0.21517462032285545,25.884147157879184,19.09090909090909,27.454545454545453,221.9090909090909,1.0909090909090908,0.45454545454545453,2.4545454545454546,13.909090909090908,0.5454545454545454,0.36363636363636365,230.0,104.0909090909091,9.454545454545455,1.787815709095141,0.0,1.0676435485870486,0.12623878402588642,9.181818181818182,48.63636363636363,0.45454545454545453,0.36363636363636365,0.18181818181818182,3.1818181818181817,0.5652885779847848,0.0,0.0,0.0,0.0,0.0,0.0,0.0,0.0,0.0,0.0,0.0,0.0,0.0,0.0,0.0,0.0,18.830909090909092,18.830909090909092,0.0,0.0,0.0,0.0,0.0,2.3531042870799257
25,Baker Mayfield,2023,REG,226,350,2389.0,15,6.0,20.0,111.0,4,1,3026.0,1122.0,113.0,24.029776446489898,2,8.445144291314948,1.097931831681214,41,139.0,0,1.0,0.0,11.0,-0.9915253314681771,0,0,0,0.0,0,0.0,0.0,0.0,0.0,0.0,0.0,0,0.0,0.0,0.0,0.0,0.0,159.46,159.46,10,0.0,0.0,0.0,0.0,0.0,0.0,0.0,0.0,0.0,0.0,0.0,0.19940974914338594,23.03825111502172,22.6,35.0,238.9,1.5,0.6,2.0,11.1,0.4,0.1,302.6,112.2,11.3,2.4029776446489897,0.2,0.8445144291314948,0.10979318316812141,4.1,13.9,0.0,0.1,0.0,1.1,-0.09915253314681771,0.0,0.0,0.0,0.0,0.0,0.0,0.0,0.0,0.0,0.0,0.0,0.0,0.0,0.0,0.0,0.0,15.946000000000002,15.946000000000002,0.0,0.0,0.0,0.0,0.0,2.3038251115021717
26,Josh Allen,2023,REG,266,382,2875.0,22,12.0,14.0,76.0,0,0,3164.0,1354.0,134.0,76.31909747507743,3,10.846711884306451,1.8323124939885664,53,261.0,7,3.0,2.0,25.0,25.163833778776777,0,0,0,0.0,0,0.0,0.0,0.0,0.0,0.0,0.0,0,0.0,0.0,0.0,0.0,0.0,249.1,249.1,11,0.0,0.0,0.0,0.0,0.0,0.0,0.0,0.0,0.0,0.0,0.0,0.23367729831144465,101.4829312538542,24.181818181818183,34.72727272727273,261.3636363636364,2.0,1.0909090909090908,1.2727272727272727,6.909090909090909,0.0,0.0,287.6363636363636,123.0909090909091,12.181818181818182,6.9380997704615845,0.2727272727272727,0.986064716755132,0.16657386308986968,4.818181818181818,23.727272727272727,0.6363636363636364,0.2727272727272727,0.18181818181818182,2.272727272727273,2.2876212526160704,0.0,0.0,0.0,0.0,0.0,0.0,0.0,0.0,0.0,0.0,0.0,0.0,0.0,0.0,0.0,0.0,22.645454545454545,22.645454545454545,0.0,0.0,0.0,0.0,0.0,9.225721023077655
27,Sam Darnold,2023,REG,2,3,7.0,0,0.0,0.0,0.0,0,0,-1.0,12.0,0.0,-3.472461196128279,0,0.0,0.0,8,-8.0,0,0.0,0.0,0.0,-3.473305247403914,0,0,0,0.0,0,0.0,0.0,0.0,0.0,0.0,0.0,0,0.0,0.0,0.0,0.0,0.0,-0.5200000000000001,-0.5200000000000001,5,0.0,0.0,0.0,0.0,0.0,0.0,0.0,0.0,0.0,0.0,0.0,-0.000962570804487061,-6.945766443532193,0.4,0.6,1.4,0.0,0.0,0.0,0.0,0.0,0.0,-0.2,2.4,0.0,-0.6944922392256558,0.0,0.0,0.0,1.6,-1.6,0.0,0.0,0.0,0.0,-0.6946610494807828,0.0,0.0,0.0,0.0,0.0,0.0,0.0,0.0,0.0,0.0,0.0,0.0,0.0,0.0,0.0,0.0,-0.10400000000000002,-0.10400000000000002,0.0,0.0,0.0,0.0,0.0,-1.3891532887064386
28,Brett Rypien,2023,REG,18,38,172.0,0,1.0,2.0,18.0,1,0,315.0,84.0,8.0,-19.725291507413438,0,1.2886360362955496,-0.15311460856324594,3,19.0,0,0.0,0.0,1.0,1.3361064374330454,0,0,0,0.0,0,0.0,0.0,0.0,0.0,0.0,0.0,0,0.0,0.0,0.0,0.0,0.0,6.78,6.78,2,0.0,0.0,0.0,0.0,0.0,0.0,0.0,0.0,0.0,0.0,0.0,0.06177113702623906,-18.389185069980392,9.0,19.0,86.0,0.0,0.5,1.0,9.0,0.5,0.0,157.5,42.0,4.0,-9.862645753706719,0.0,0.6443180181477748,-0.07655730428162297,1.5,9.5,0.0,0.0,0.0,0.5,0.6680532187165227,0.0,0.0,0.0,0.0,0.0,0.0,0.0,0.0,0.0,0.0,0.0,0.0,0.0,0.0,0.0,0.0,3.39,3.39,0.0,0.0,0.0,0.0,0.0,-9.194592534990196
29,Jake Browning,2023,REG,8,15,68.0,1,0.0,3.0,19.0,0,0,163.0,27.0,5.0,-6.622007214154196,0,0.4594594594594595,0.03362433681173983,5,39.0,0,0.0,0.0,2.0,3.89042631915072,0,0,0,0.0,0,0.0,0.0,0.0,0.0,0.0,0.0,0,0.0,0.0,0.0,0.0,0.0,10.620000000000001,10.620000000000001,2,0.0,0.0,0.0,0.0,0.0,0.0,0.0,0.0,0.0,0.0,0.0,0.09721713658000734,-2.731580895003476,4.0,7.5,34.0,0.5,0.0,1.5,9.5,0.0,0.0,81.5,13.5,2.5,-3.311003607077098,0.0,0.22972972972972974,0.016812168405869916,2.5,19.5,0.0,0.0,0.0,1.0,1.94521315957536,0.0,0.0,0.0,0.0,0.0,0.0,0.0,0.0,0.0,0.0,0.0,0.0,0.0,0.0,0.0,0.0,5.3100000000000005,5.3100000000000005,0.0,0.0,0.0,0.0,0.0,-1.365790447501738
30,Kyler Murray,2023,REG,39,62,463.0,1,2.0,5.0,37.0,1,0,630.0,216.0,22.0,-12.337013076268011,0,1.4682864682864682,0.037858593592634895,13,84.0,2,0.0,0.0,5.0,9.296533989089745,0,0,0,0.0,0,0.0,0.0,0.0,0.0,0.0,0.0,0,0.0,0.0,0.0,0.0,0.0,38.92,38.92,2,0.0,0.0,0.0,0.0,0.0,0.0,0.0,0.0,0.0,0.0,0.0,0.255514705882353,-3.040479087178266,19.5,31.0,231.5,0.5,1.0,2.5,18.5,0.5,0.0,315.0,108.0,11.0,-6.168506538134006,0.0,0.7341432341432341,0.018929296796317448,6.5,42.0,1.0,0.0,0.0,2.5,4.648266994544873,0.0,0.0,0.0,0.0,0.0,0.0,0.0,0.0,0.0,0.0,0.0,0.0,0.0,0.0,0.0,0.0,19.46,19.46,0.0,0.0,0.0,0.0,0.0,-1.520239543589133
31,Gardner Minshew,2023,REG,163,256,1721.0,8,6.0,15.0,88.0,5,4,1807.0,825.0,75.0,-8.355363119050116,0,9.282158813469504,0.8269305891999945,17,44.0,2,0.0,0.0,4.0,0.550105961796362,0,0,0,0.0,0,0.0,0.0,0.0,0.0,0.0,0.0,0,0.0,0.0,0.0,0.0,0.0,97.24000000000001,97.24000000000001,9,0.0,0.0,0.0,0.0,0.0,0.0,0.0,0.0,0.0,0.0,0.0,0.13204421389967683,-7.805257157253754,18.11111111111111,28.444444444444443,191.22222222222223,0.8888888888888888,0.6666666666666666,1.6666666666666667,9.777777777777779,0.5555555555555556,0.4444444444444444,200.77777777777777,91.66666666666667,8.333333333333334,-0.9283736798944573,0.0,1.0313509792743893,0.09188117657777717,1.8888888888888888,4.888888888888889,0.2222222222222222,0.0,0.0,0.4444444444444444,0.06112288464404022,0.0,0.0,0.0,0.0,0.0,0.0,0.0,0.0,0.0,0.0,0.0,0.0,0.0,0.0,0.0,0.0,10.804444444444446,10.804444444444446,0.0,0.0,0.0,0.0,0.0,-0.8672507952504172
32,Drew Lock,2023,REG,4,12,66.0,0,1.0,0.0,0.0,0,0,139.0,55.0,2.0,-3.6828578153799754,0,1.2937078651685394,-0.087684840430368,1,11.0,0,0.0,0.0,1.0,1.0979489322053269,0,0,0,0.0,0,0.0,0.0,0.0,0.0,0.0,0.0,0,0.0,0.0,0.0,0.0,0.0,1.7400000000000002,1.7400000000000002,2,0.0,0.0,0.0,0.0,0.0,0.0,0.0,0.0,0.0,0.0,0.0,0.01250359298649037,-2.5849088831746485,2.0,6.0,33.0,0.0,0.5,0.0,0.0,0.0,0.0,69.5,27.5,1.0,-1.8414289076899877,0.0,0.6468539325842697,-0.043842420215184,0.5,5.5,0.0,0.0,0.0,0.5,0.5489744661026634,0.0,0.0,0.0,0.0,0.0,0.0,0.0,0.0,0.0,0.0,0.0,0.0,0.0,0.0,0.0,0.0,0.8700000000000001,0.8700000000000001,0.0,0.0,0.0,0.0,0.0,-1.2924544415873243
33,Daniel Jones,2023,REG,108,160,909.0,2,6.0,30.0,167.0,3,1,1096.0,440.0,43.0,-60.455004205716946,0,4.9754841300906465,0.28032331149284845,40,206.0,1,1.0,0.0,15.0,5.834527820233806,0,0,0,0.0,0,0.0,0.0,0.0,0.0,0.0,0.0,0,0.0,0.0,0.0,0.0,0.0,56.96000000000001,56.96000000000001,6,0.0,0.0,0.0,0.0,0.0,0.0,0.0,0.0,0.0,0.0,0.0,0.14793268231872014,-54.620476385483144,18.0,26.666666666666668,151.5,0.3333333333333333,1.0,5.0,27.833333333333332,0.5,0.16666666666666666,182.66666666666666,73.33333333333333,7.166666666666667,-10.075834034286158,0.0,0.8292473550151077,0.046720551915474744,6.666666666666667,34.333333333333336,0.16666666666666666,0.16666666666666666,0.0,2.5,0.9724213033723009,0.0,0.0,0.0,0.0,0.0,0.0,0.0,0.0,0.0,0.0,0.0,0.0,0.0,0.0,0.0,0.0,9.493333333333334,9.493333333333334,0.0,0.0,0.0,0.0,0.0,-9.103412730913858
34,Tyler Huntley,2023,REG,5,8,38.0,1,0.0,0.0,0.0,0,0,60.0,25.0,3.0,4.248786957614357,0,1.1176470588235294,0.3209788243344781,6,16.0,0,0.0,0.0,1.0,-4.468742443452356,0,0,0,0.0,0,0.0,0.0,0.0,0.0,0.0,0.0,0,0.0,0.0,0.0,0.0,0.0,7.119999999999999,7.119999999999999,3,0.0,0.0,0.0,0.0,0.0,0.0,0.0,0.0,0.0,0.0,0.0,0.02217930347018877,-0.21995548583799973,1.6666666666666667,2.6666666666666665,12.666666666666666,0.3333333333333333,0.0,0.0,0.0,0.0,0.0,20.0,8.333333333333334,1.0,1.4162623192047856,0.0,0.37254901960784315,0.10699294144482603,2.0,5.333333333333333,0.0,0.0,0.0,0.3333333333333333,-1.4895808144841187,0.0,0.0,0.0,0.0,0.0,0.0,0.0,0.0,0.0,0.0,0.0,0.0,0.0,0.0,0.0,0.0,2.373333333333333,2.373333333333333,0.0,0.0,0.0,0.0,0.0,-0.07331849527933325
35,Tua Tagovailoa,2023,REG,242,347,2934.0,21,8.0,15.0,84.0,1,0,2639.0,1387.0,142.0,89.54813459670922,0,12.572133690659218,1.6212124245994628,25,39.0,0,8.0,3.0,3.0,-30.515464985417978,0,0,0,0.0,0,0.0,0.0,0.0,0.0,0.0,0.0,0,0.0,0.0,0.0,0.0,0.0,183.26,183.26,10,0.0,0.0,0.0,0.0,0.0,0.0,0.0,0.0,0.0,0.0,0.0,0.16703428915179463,59.03266961129124,24.2,34.7,293.4,2.1,0.8,1.5,8.4,0.1,0.0,263.9,138.7,14.2,8.954813459670921,0.0,1.2572133690659217,0.16212124245994627,2.5,3.9,0.0,0.8,0.3,0.3,-3.0515464985417977,0.0,0.0,0.0,0.0,0.0,0.0,0.0,0.0,0.0,0.0,0.0,0.0,0.0,0.0,0.0,0.0,18.326,18.326,0.0,0.0,0.0,0.0,0.0,5.903266961129124
36,Jordan Love,2023,REG,203,340,2331.0,16,10.0,22.0,170.0,4,0,3015.0,1099.0,114.0,13.6877812018717,2,8.287590281316257,0.9522728651474556,34,182.0,2,2.0,0.0,10.0,1.034636477052052,0,0,0,0.0,0,0.0,0.0,0.0,0.0,0.0,0.0,0,0.0,0.0,0.0,0.0,0.0,171.44,171.44,10,0.0,0.0,0.0,0.0,0.0,0.0,0.0,0.0,0.0,0.0,0.0,0.21051080550098233,14.722417678923753,20.3,34.0,233.1,1.6,1.0,2.2,17.0,0.4,0.0,301.5,109.9,11.4,1.36877812018717,0.2,0.8287590281316257,0.09522728651474556,3.4,18.2,0.2,0.2,0.0,1.0,0.10346364770520519,0.0,0.0,0.0,0.0,0.0,0.0,0.0,0.0,0.0,0.0,0.0,0.0,0.0,0.0,0.0,0.0,17.144,17.144,0.0,0.0,0.0,0.0,0.0,1.4722417678923754
37,Justin Herbert,2023,REG,237,358,2609.0,19,5.0,22.0,172.0,2,0,2816.0,1284.0,126.0,56.30719213044431,1,9.701030017791734,1.0396844967633143,44,186.0,3,1.0,0.0,15.0,11.669518946006779,0,1,1,10.0,0,0.0,0.0,-7.0,17.0,1.0,1.7805309167597443,0,0.0,0.02702702702702703,-0.02734375,0.021399915540540545,0.0,209.96,210.96,10,0.002785515320334262,-0.0024665257223396757,0.012967200610221205,0.002205052402629652,0.003762227238525207,0.0,0.007874015748031496,0.006802721088435374,0.0018811136192626034,0.003009781790820166,0.027855153203342618,0.2188790438048598,67.97671107645108,23.7,35.8,260.9,1.9,0.5,2.2,17.2,0.2,0.0,281.6,128.4,12.6,5.630719213044431,0.1,0.9701030017791734,0.10396844967633143,4.4,18.6,0.3,0.1,0.0,1.5,1.1669518946006778,0.0,0.1,0.1,1.0,0.0,0.0,0.0,-0.7,1.7,0.1,0.17805309167597444,0.0,0.0,-0.002734375,0.0021399915540540543,0.0,20.996000000000002,21.096,0.0002785515320334262,0.00022050524026296522,0.00018811136192626034,0.0003009781790820166,0.002785515320334262,6.797671107645108
38,Jalen Hurts,2023,REG,224,327,2497.0,15,9.0,27.0,149.0,3,1,2839.0,1066.0,111.0,40.65834468569277,0,9.050345747863139,1.5312159099432965,100,345.0,9,2.0,2.0,44.0,17.299995826194344,0,0,0,0.0,0,0.0,0.0,0.0,0.0,0.0,0.0,0,0.0,0.0,0.0,0.0,0.0,224.38,224.38,10,0.0,0.0,0.0,0.0,0.0,0.0,0.0,0.0,0.0,0.0,0.0,0.2450419360475275,57.958340511887116,22.4,32.7,249.7,1.5,0.9,2.7,14.9,0.3,0.1,283.9,106.6,11.1,4.065834468569276,0.0,0.9050345747863139,0.15312159099432965,10.0,34.5,0.9,0.2,0.2,4.4,1.7299995826194343,0.0,0.0,0.0,0.0,0.0,0.0,0.0,0.0,0.0,0.0,0.0,0.0,0.0,0.0,0.0,0.0,22.438,22.438,0.0,0.0,0.0,0.0,0.0,5.795834051188711
39,Joe Burrow,2023,REG,244,365,2309.0,15,6.0,24.0,180.0,2,1,2347.0,1239.0,115.0,6.095037059046859,0,10.068844015755406,0.8966607054357085,31,88.0,0,0.0,0.0,9.0,-3.5122415173973422,0,0,0,0.0,0,0.0,0.0,0.0,0.0,0.0,0.0,0,0.0,0.0,0.0,0.0,0.0,147.16,147.16,10,0.0,0.0,0.0,0.0,0.0,0.0,0.0,0.0,0.0,0.0,0.0,0.1752572408536585,2.582795541649517,24.4,36.5,230.9,1.5,0.6,2.4,18.0,0.2,0.1,234.7,123.9,11.5,0.6095037059046859,0.0,1.0068844015755407,0.08966607054357086,3.1,8.8,0.0,0.0,0.0,0.9,-0.3512241517397342,0.0,0.0,0.0,0.0,0.0,0.0,0.0,0.0,0.0,0.0,0.0,0.0,0.0,0.0,0.0,0.0,14.716,14.716,0.0,0.0,0.0,0.0,0.0,0.25827955416495174
40,Justin Fields,2023,REG,116,185,1370.0,12,6.0,26.0,161.0,4,2,1473.0,649.0,65.0,-18.628756986852075,0,7.636991682274889,0.5943196125576649,65,341.0,1,1.0,0.0,20.0,13.146814336481413,0,0,0,0.0,0,0.0,0.0,0.0,0.0,0.0,0.0,0,0.0,0.0,0.0,0.0,0.0,126.9,126.9,7,0.0,0.0,0.0,0.0,0.0,0.0,0.0,0.0,0.0,0.0,0.0,0.23017485307988106,-5.481942650370662,16.571428571428573,26.428571428571427,195.71428571428572,1.7142857142857142,0.8571428571428571,3.7142857142857144,23.0,0.5714285714285714,0.2857142857142857,210.42857142857142,92.71428571428571,9.285714285714286,-2.661250998121725,0.0,1.0909988117535556,0.08490280179395213,9.285714285714286,48.714285714285715,0.14285714285714285,0.14285714285714285,0.0,2.857142857142857,1.8781163337830589,0.0,0.0,0.0,0.0,0.0,0.0,0.0,0.0,0.0,0.0,0.0,0.0,0.0,0.0,0.0,0.0,18.12857142857143,18.12857142857143,0.0,0.0,0.0,0.0,0.0,-0.7831346643386661
41,Trevor Lawrence,2023,REG,226,332,2382.0,11,6.0,25.0,154.0,5,3,2370.0,1092.0,108.0,0.56951620078231,0,10.202905372318414,1.1464112979196772,49,240.0,2,1.0,1.0,13.0,-2.755905662671381,0,0,0,0.0,0,0.0,0.0,0.0,0.0,0.0,0.0,0,0.0,0.0,0.0,0.0,0.0,155.28,155.28,10,0.0,0.0,0.0,0.0,0.0,0.0,0.0,0.0,0.0,0.0,0.0,0.18780387508768534,-2.186389461889071,22.6,33.2,238.2,1.1,0.6,2.5,15.4,0.5,0.3,237.0,109.2,10.8,0.056951620078231,0.0,1.0202905372318414,0.11464112979196772,4.9,24.0,0.2,0.1,0.1,1.3,-0.2755905662671381,0.0,0.0,0.0,0.0,0.0,0.0,0.0,0.0,0.0,0.0,0.0,0.0,0.0,0.0,0.0,0.0,15.528,15.528,0.0,0.0,0.0,0.0,0.0,-0.2186389461889071
42,Mac Jones,2023,REG,212,324,2031.0,10,10.0,21.0,127.0,1,1,2305.0,1120.0,95.0,-43.84282745693431,0,11.557987866253685,0.42793045577195404,26,96.0,0,1.0,1.0,11.0,-4.423463597837637,0,0,0,0.0,0,0.0,0.0,0.0,0.0,0.0,0.0,0,0.0,0.0,0.0,0.0,0.0,106.84,106.84,10,0.0,0.0,0.0,0.0,0.0,0.0,0.0,0.0,0.0,0.0,0.0,0.14974071478626488,-48.26629105477195,21.2,32.4,203.1,1.0,1.0,2.1,12.7,0.1,0.1,230.5,112.0,9.5,-4.384282745693431,0.0,1.1557987866253685,0.042793045577195404,2.6,9.6,0.0,0.1,0.1,1.1,-0.4423463597837637,0.0,0.0,0.0,0.0,0.0,0.0,0.0,0.0,0.0,0.0,0.0,0.0,0.0,0.0,0.0,0.0,10.684000000000001,10.684000000000001,0.0,0.0,0.0,0.0,0.0,-4.826629105477195
43,Zach Wilson,2023,REG,190,321,1944.0,6,7.0,38.0,270.0,6,3,2405.0,966.0,87.0,-95.27057033221605,1,8.804849232445392,0.01507714900470794,33,199.0,0,3.0,2.0,7.0,-13.152413517875152,1,0,0,0.0,0,0.0,0.0,0.0,0.0,0.0,0.0,0,0.0,0.0,0.0,0.0,0.0,101.66,101.66,10,0.0,0.0,0.0,0.0,0.0,0.0,0.0,0.0,0.0,0.0,0.0,0.160069280428279,-108.4229838500912,19.0,32.1,194.4,0.6,0.7,3.8,27.0,0.6,0.3,240.5,96.6,8.7,-9.527057033221606,0.1,0.8804849232445392,0.0015077149004707941,3.3,19.9,0.0,0.3,0.2,0.7,-1.3152413517875152,0.1,0.0,0.0,0.0,0.0,0.0,0.0,0.0,0.0,0.0,0.0,0.0,0.0,0.0,0.0,0.0,10.166,10.166,0.0,0.0,0.0,0.0,0.0,-10.84229838500912
44,Sam Howell,2023,REG,295,442,3038.0,18,12.0,51.0,343.0,3,1,3330.0,1488.0,139.0,-24.714397818792065,0,10.258839890442978,1.0753277071025946,34,209.0,2,1.0,1.0,14.0,18.588071007508915,1,0,0,0.0,0,0.0,0.0,0.0,0.0,0.0,0.0,0,0.0,0.0,0.0,0.0,0.0,200.42000000000002,200.42000000000002,11,0.0,0.0,0.0,0.0,0.0,0.0,0.0,0.0,0.0,0.0,0.0,0.19694974548456204,-6.12632681128315,26.818181818181817,40.18181818181818,276.1818181818182,1.6363636363636365,1.0909090909090908,4.636363636363637,31.181818181818183,0.2727272727272727,0.09090909090909091,302.72727272727275,135.27272727272728,12.636363636363637,-2.246763438072006,0.0,0.932621808222089,0.09775706428205405,3.090909090909091,19.0,0.18181818181818182,0.09090909090909091,0.09090909090909091,1.2727272727272727,1.689824637046265,0.09090909090909091,0.0,0.0,0.0,0.0,0.0,0.0,0.0,0.0,0.0,0.0,0.0,0.0,0.0,0.0,0.0,18.220000000000002,18.220000000000002,0.0,0.0,0.0,0.0,0.0,-0.5569388010257409
45,Brock Purdy,2023,REG,193,275,2662.0,18,5.0,20.0,126.0,4,2,2188.0,1234.0,123.0,95.36808327678031,0,12.526704449321148,2.2265168038222094,30,121.0,2,2.0,0.0,12.0,15.477646670728094,0,0,0,0.0,0,0.0,0.0,0.0,0.0,0.0,0.0,0,0.0,0.0,0.0,0.0,0.0,188.57999999999998,188.57999999999998,10,0.0,0.0,0.0,0.0,0.0,0.0,0.0,0.0,0.0,0.0,0.0,0.19780565578585213,110.8457299475084,19.3,27.5,266.2,1.8,0.5,2.0,12.6,0.4,0.2,218.8,123.4,12.3,9.536808327678031,0.0,1.2526704449321149,0.22265168038222094,3.0,12.1,0.2,0.2,0.0,1.2,1.5477646670728094,0.0,0.0,0.0,0.0,0.0,0.0,0.0,0.0,0.0,0.0,0.0,0.0,0.0,0.0,0.0,0.0,18.857999999999997,18.857999999999997,0.0,0.0,0.0,0.0,0.0,11.08457299475084
46,Kenny Pickett,2023,REG,170,281,1722.0,6,4.0,21.0,163.0,0,0,1963.0,903.0,71.0,-51.538477523886584,0,8.960566247336564,0.42619690746866834,34,46.0,1,1.0,0.0,12.0,-0.3940804526242503,0,0,0,0.0,0,0.0,0.0,0.0,0.0,0.0,0.0,0,0.0,0.0,0.0,0.0,0.0,95.48,95.48,10,0.0,0.0,0.0,0.0,0.0,0.0,0.0,0.0,0.0,0.0,0.0,0.14488179417923586,-51.932557976510836,17.0,28.1,172.2,0.6,0.4,2.1,16.3,0.0,0.0,196.3,90.3,7.1,-5.153847752388659,0.0,0.8960566247336563,0.042619690746866834,3.4,4.6,0.1,0.1,0.0,1.2,-0.03940804526242503,0.0,0.0,0.0,0.0,0.0,0.0,0.0,0.0,0.0,0.0,0.0,0.0,0.0,0.0,0.0,0.0,9.548,9.548,0.0,0.0,0.0,0.0,0.0,-5.193255797651084
47,Bailey Zappe,2023,REG,10,25,104.0,0,1.0,1.0,7.0,0,0,301.0,37.0,3.0,-11.391724583067587,0,1.152907274319025,-0.18604965909442617,0,0.0,0,0.0,0.0,0.0,0.0,0,0,0,0.0,0,0.0,0.0,0.0,0.0,0.0,0.0,0,0.0,0.0,0.0,0.0,0.0,2.16,2.16,3,0.0,0.0,0.0,0.0,0.0,,0.0,0.0,,,0.0,0.016088187099657383,-11.391724583067587,3.3333333333333335,8.333333333333334,34.666666666666664,0.0,0.3333333333333333,0.3333333333333333,2.3333333333333335,0.0,0.0,100.33333333333333,12.333333333333334,1.0,-3.7972415276891955,0.0,0.3843024247730083,-0.06201655303147539,0.0,0.0,0.0,0.0,0.0,0.0,0.0,0.0,0.0,0.0,0.0,0.0,0.0,0.0,0.0,0.0,0.0,0.0,0.0,0.0,0.0,0.0,0.0,0.7200000000000001,0.7200000000000001,0.0,0.0,,,0.0,-3.7972415276891955
48,Desmond Ridder,2023,REG,161,246,1740.0,6,6.0,25.0,171.0,5,4,1970.0,723.0,86.0,-30.680460692732304,1,8.416060294965853,0.8226491697718907,32,150.0,4,2.0,0.0,13.0,-1.7571940222792097,0,1,1,-6.0,0,0.0,0.0,-6.0,0.0,0.0,-1.5153478160500526,0,0.0,0.05555555555555555,-0.09523809523809523,0.016666666666666677,0.0,114.00000000000001,115.00000000000001,9,0.0035211267605633804,-0.0026373626373626374,0.0,0.00317180003095496,-0.0030120481927710845,0.0,0.0,0.0,-0.0015060240963855422,-0.0024096385542168677,-0.02112676056338028,0.1670831638286744,-32.43765471501151,17.88888888888889,27.333333333333332,193.33333333333334,0.6666666666666666,0.6666666666666666,2.7777777777777777,19.0,0.5555555555555556,0.4444444444444444,218.88888888888889,80.33333333333333,9.555555555555555,-3.408940076970256,0.1111111111111111,0.9351178105517614,0.09140546330798786,3.5555555555555554,16.666666666666668,0.4444444444444444,0.2222222222222222,0.0,1.4444444444444444,-0.1952437802532455,0.0,0.1111111111111111,0.1111111111111111,-0.6666666666666666,0.0,0.0,0.0,-0.6666666666666666,0.0,0.0,-0.16837197956111696,0.0,0.0,-0.010582010582010581,0.001851851851851853,0.0,12.666666666666668,12.777777777777779,0.0003912363067292645,0.00035242222566166223,-0.0001673360107095047,-0.0002677376171352075,-0.002347417840375587,-3.6041838572235014
49,Malik Willis,2023,REG,4,5,74.0,0,0.0,4.0,30.0,0,0,39.0,55.0,1.0,-0.068276936013552,0,1.8974358974358974,0.14343563797791795,5,21.0,0,1.0,1.0,1.0,-6.9683296756702475,0,0,0,0.0,0,0.0,0.0,0.0,0.0,0.0,0.0,0,0.0,0.0,0.0,0.0,0.0,3.06,3.06,2,0.0,0.0,0.0,0.0,0.0,0.0,0.0,0.0,0.0,0.0,0.0,0.01972666322846828,-7.0366066116837995,2.0,2.5,37.0,0.0,0.0,2.0,15.0,0.0,0.0,19.5,27.5,0.5,-0.034138468006776,0.0,0.9487179487179487,0.07171781898895897,2.5,10.5,0.0,0.5,0.5,0.5,-3.4841648378351238,0.0,0.0,0.0,0.0,0.0,0.0,0.0,0.0,0.0,0.0,0.0,0.0,0.0,0.0,0.0,0.0,1.53,1.53,0.0,0.0,0.0,0.0,0.0,-3.5183033058418998
50,Tyson Bagent,2023,REG,94,143,859.0,3,6.0,5.0,35.0,2,2,814.0,498.0,48.0,-25.4177472920779,0,6.7171536822171545,0.2318913856518391,23,109.0,2,0.0,0.0,11.0,11.023287959246257,0,0,0,0.0,0,0.0,0.0,0.0,0.0,0.0,0.0,0,0.0,0.0,0.0,0.0,0.0,53.260000000000005,53.260000000000005,5,0.0,0.0,0.0,0.0,0.0,0.0,0.0,0.0,0.0,0.0,0.0,0.15478958381771682,-14.394459332831644,18.8,28.6,171.8,0.6,1.2,1.0,7.0,0.4,0.4,162.8,99.6,9.6,-5.083549458415581,0.0,1.3434307364434308,0.046378277130367816,4.6,21.8,0.4,0.0,0.0,2.2,2.2046575918492515,0.0,0.0,0.0,0.0,0.0,0.0,0.0,0.0,0.0,0.0,0.0,0.0,0.0,0.0,0.0,0.0,10.652000000000001,10.652000000000001,0.0,0.0,0.0,0.0,0.0,-2.878891866566329
51,Tommy DeVito,2023,REG,49,80,506.0,6,3.0,22.0,108.0,0,0,560.0,262.0,23.0,-29.929644447911315,0,2.6295540832746656,-0.12339381860252821,16,77.0,1,0.0,0.0,2.0,-0.1234780786326155,0,0,0,0.0,0,0.0,0.0,0.0,0.0,0.0,0.0,0,0.0,0.0,0.0,0.0,0.0,51.94,51.94,4,0.0,0.0,0.0,0.0,0.0,0.0,0.0,0.0,0.0,0.0,0.0,0.211775258908913,-30.05312252654393,12.25,20.0,126.5,1.5,0.75,5.5,27.0,0.0,0.0,140.0,65.5,5.75,-7.482411111977829,0.0,0.6573885208186664,-0.030848454650632053,4.0,19.25,0.25,0.0,0.0,0.5,-0.030869519658153877,0.0,0.0,0.0,0.0,0.0,0.0,0.0,0.0,0.0,0.0,0.0,0.0,0.0,0.0,0.0,0.0,12.985,12.985,0.0,0.0,0.0,0.0,0.0,-7.513280631635983
52,Aidan O'Connell,2023,REG,90,145,946.0,3,6.0,12.0,88.0,3,2,1154.0,471.0,44.0,-19.554248988259523,0,4.17461548734829,0.3181735945761194,6,9.0,1,1.0,0.0,4.0,-1.0804190550697967,0,0,0,0.0,0,0.0,0.0,0.0,0.0,0.0,0.0,0,0.0,0.0,0.0,0.0,0.0,40.74,40.74,5,0.0,0.0,0.0,0.0,0.0,0.0,0.0,0.0,0.0,0.0,0.0,0.1205682154483575,-20.63466804332932,18.0,29.0,189.2,0.6,1.2,2.4,17.6,0.6,0.4,230.8,94.2,8.8,-3.9108497976519048,0.0,0.834923097469658,0.06363471891522388,1.2,1.8,0.2,0.2,0.0,0.8,-0.21608381101395935,0.0,0.0,0.0,0.0,0.0,0.0,0.0,0.0,0.0,0.0,0.0,0.0,0.0,0.0,0.0,0.0,8.148,8.148,0.0,0.0,0.0,0.0,0.0,-4.126933608665864
53,Clayton Tune,2023,REG,12,21,62.0,0,2.0,7.0,41.0,1,1,53.0,43.0,3.0,-34.74954317265656,0,2.183673469387755,-0.031238263083239848,6,29.0,1,0.0,0.0,2.0,0.8801248189120088,0,0,0,0.0,0,0.0,0.0,0.0,0.0,0.0,0.0,0,0.0,0.0,0.0,0.0,0.0,5.38,5.38,3,0.0,0.0,0.0,0.0,0.0,,0.0,0.0,,,0.0,0.03516799581644659,-33.86941835374455,4.0,7.0,20.666666666666668,0.0,0.6666666666666666,2.3333333333333335,13.666666666666666,0.3333333333333333,0.3333333333333333,17.666666666666668,14.333333333333334,1.0,-11.583181057552187,0.0,0.7278911564625851,-0.010412754361079949,2.0,9.666666666666666,0.3333333333333333,0.0,0.0,0.6666666666666666,0.29337493963733624,0.0,0.0,0.0,0.0,0.0,0.0,0.0,0.0,0.0,0.0,0.0,0.0,0.0,0.0,0.0,0.0,1.7933333333333332,1.7933333333333332,0.0,0.0,,,0.0,-11.28980611791485
54,Dorian Thompson-Robinson,2023,REG,44,80,295.0,0,4.0,5.0,50.0,1,0,460.0,152.0,16.0,-36.34892572555975,0,1.5154873047727075,-0.06809704987059467,7,44.0,0,0.0,0.0,3.0,2.0209368351497687,0,0,0,0.0,0,0.0,0.0,0.0,0.0,0.0,0.0,0,0.0,0.0,0.0,0.0,0.0,8.200000000000001,8.200000000000001,3,0.0,0.0,0.0,0.0,0.0,0.0,0.0,0.0,0.0,0.0,0.0,0.04621801375267726,-34.32798889040998,14.666666666666666,26.666666666666668,98.33333333333333,0.0,1.3333333333333333,1.6666666666666667,16.666666666666668,0.3333333333333333,0.0,153.33333333333334,50.666666666666664,5.333333333333333,-12.116308575186585,0.0,0.5051624349242358,-0.02269901662353156,2.3333333333333335,14.666666666666666,0.0,0.0,0.0,1.0,0.6736456117165895,0.0,0.0,0.0,0.0,0.0,0.0,0.0,0.0,0.0,0.0,0.0,0.0,0.0,0.0,0.0,0.0,2.733333333333334,2.733333333333334,0.0,0.0,0.0,0.0,0.0,-11.442662963469994
55,Jaren Hall,2023,REG,8,10,101.0,0,0.0,1.0,0.0,1,1,43.0,65.0,4.0,2.3156480597390328,0,4.332512315270936,0.2574159881318005,4,10.0,0,0.0,0.0,0.0,-2.079496787848484,0,0,0,0.0,0,0.0,0.0,0.0,0.0,0.0,0.0,0,0.0,0.0,0.0,0.0,0.0,3.040000000000001,3.040000000000001,2,0.0,0.0,0.0,0.0,0.0,0.0,0.0,0.0,0.0,0.0,0.0,0.015477038998065374,0.23615127189054874,4.0,5.0,50.5,0.0,0.0,0.5,0.0,0.5,0.5,21.5,32.5,2.0,1.1578240298695164,0.0,2.166256157635468,0.12870799406590025,2.0,5.0,0.0,0.0,0.0,0.0,-1.039748393924242,0.0,0.0,0.0,0.0,0.0,0.0,0.0,0.0,0.0,0.0,0.0,0.0,0.0,0.0,0.0,0.0,1.5200000000000005,1.5200000000000005,0.0,0.0,0.0,0.0,0.0,0.11807563594527437
56,Bryce Young,2023,REG,198,319,1683.0,9,8.0,36.0,280.0,4,3,2049.0,822.0,87.0,-98.82387708569689,1,8.035087929341458,0.30123750731228255,22,138.0,0,1.0,0.0,10.0,11.578339904401219,0,0,0,0.0,0,0.0,0.0,0.0,0.0,0.0,0.0,0,0.0,0.0,0.0,0.0,0.0,97.12,97.12,9,0.0,0.0,0.0,0.0,0.0,0.0,0.0,0.0,0.0,0.0,0.0,0.16092792046396023,-87.24553718129567,22.0,35.44444444444444,187.0,1.0,0.8888888888888888,4.0,31.11111111111111,0.4444444444444444,0.3333333333333333,227.66666666666666,91.33333333333333,9.666666666666666,-10.980430787299655,0.1111111111111111,0.8927875477046064,0.033470834145809175,2.4444444444444446,15.333333333333334,0.0,0.1111111111111111,0.0,1.1111111111111112,1.2864822116001353,0.0,0.0,0.0,0.0,0.0,0.0,0.0,0.0,0.0,0.0,0.0,0.0,0.0,0.0,0.0,0.0,10.791111111111112,10.791111111111112,0.0,0.0,0.0,0.0,0.0,-9.693948575699519
57,Will Levis,2023,REG,73,124,857.0,6,2.0,12.0,86.0,0,0,1297.0,409.0,35.0,-6.316056459592577,0,3.035675125313283,0.2685960764695276,12,15.0,0,1.0,1.0,3.0,-7.7543311743065715,0,0,0,0.0,0,0.0,0.0,0.0,0.0,0.0,0.0,0,0.0,0.0,0.0,0.0,0.0,53.78,53.78,4,0.0,0.0,0.0,0.0,0.0,0.0,0.0,0.0,0.0,0.0,0.0,0.18558906756850022,-14.070387633899148,18.25,31.0,214.25,1.5,0.5,3.0,21.5,0.0,0.0,324.25,102.25,8.75,-1.5790141148981442,0.0,0.7589187813283208,0.0671490191173819,3.0,3.75,0.0,0.25,0.25,0.75,-1.9385827935766429,0.0,0.0,0.0,0.0,0.0,0.0,0.0,0.0,0.0,0.0,0.0,0.0,0.0,0.0,0.0,0.0,13.445,13.445,0.0,0.0,0.0,0.0,0.0,-3.517596908474787
58,C.J. Stroud,2023,REG,223,355,2962.0,17,5.0,22.0,192.0,4,3,3210.0,1194.0,143.0,63.1138792926061,0,9.290732797939516,1.2252872324093054,23,75.0,2,2.0,1.0,9.0,1.204970829305239,1,1,1,0.0,0,0.0,0.0,-1.0,1.0,0.0,-0.873243719805032,0,0.0,0.023255813953488372,-0.0038461538461538464,0.03219141323792486,0.0,189.98,190.98,10,0.0028011204481792717,-0.0003112356053532524,0.0008340283569641367,0.003952692187986305,0.0,0.0,0.0,0.0,0.0,0.0,0.0,0.20288962073727823,64.31885012191134,22.3,35.5,296.2,1.7,0.5,2.2,19.2,0.4,0.3,321.0,119.4,14.3,6.31138792926061,0.0,0.9290732797939516,0.12252872324093053,2.3,7.5,0.2,0.2,0.1,0.9,0.1204970829305239,0.1,0.1,0.1,0.0,0.0,0.0,0.0,-0.1,0.1,0.0,-0.0873243719805032,0.0,0.0,-0.0003846153846153846,0.0032191413237924863,0.0,18.997999999999998,19.098,0.00028011204481792715,0.00039526921879863054,0.0,0.0,0.0,6.431885012191134
59,Anthony Richardson,2023,REG,50,84,577.0,3,1.0,7.0,29.0,1,0,676.0,297.0,31.0,4.587791287072113,2,5.912336329390823,0.22419444687600015,25,136.0,4,2.0,1.0,8.0,0.4301043392624706,0,0,0,0.0,0,0.0,0.0,0.0,0.0,0.0,0.0,0,0.0,0.0,0.0,0.0,0.0,72.68,72.68,4,0.0,0.0,0.0,0.0,0.0,0.0,0.0,0.0,0.0,0.0,0.0,0.21368928613430554,5.0178956263345835,12.5,21.0,144.25,0.75,0.25,1.75,7.25,0.25,0.0,169.0,74.25,7.75,1.1469478217680282,0.5,1.4780840823477057,0.05604861171900004,6.25,34.0,1.0,0.5,0.25,2.0,0.10752608481561765,0.0,0.0,0.0,0.0,0.0,0.0,0.0,0.0,0.0,0.0,0.0,0.0,0.0,0.0,0.0,0.0,18.17,18.17,0.0,0.0,0.0,0.0,0.0,1.2544739065836459
